,plus_code,place_name,subtype,masks,limited_entry,early_close,has_early,early_hours,delivery,has_pt,has_live,place_id
0,"3VJR+24 Alhambra, California, USA",168+market,asian,-1,-1,-1,-1,,0,1,1,
1,"4W37+R2 San Gabriel, California, USA",168+market,asian,-1,-1,-1,-1,,1,1,1,
2,"X3R8+25 Hacienda Heights, California, USA",168+market,asian,-1,-1,-1,-1,,0,1,1,
3,"X4QH+35 Rowland Heights, California, USA",168+market,asian,-1,-1,-1,-1,,0,1,1,
4,"8966 Reseda Blvd, Northridge, CA, USA 91324",99+cents+only+stores,"discount, dollar store",1,1,1,1,"[[true,1,7,8],[true,1,7,8],[true,1,7,8],[true,1,7,8],[true,1,7,8],[true,1,7,8],[true,1,7,8]]",0,1,1,
5,"6CHW+VR Northridge, Los Angeles, CA, USA",99+cents+only+stores,"discount, dollar store",1,1,1,1,"[[true,1,7,8],[true,1,7,8],[true,1,7,8],[true,1,7,8],[true,1,7,8],[true,1,7,8],[true,1,7,8]]",0,1,1,
6,"6C26+79 Canoga Park, Los Angeles, CA, USA",99+cents+only+stores,"discount, dollar store",1,1,1,1,"[[true,1,7,8],[true,1,7,8],[true,1,7,8],[true,1,7,8],[true,1,7,8],[true,1,7,8],[true,1,7,8]]",0,1,1,
7,"5CV7+R3 Canoga Park, Los Angeles, CA, USA",99+cents+only+stores,"discount, dollar store",1,1,1,1,"[[true,1,7,8],[true,1,7,8],[true,1,7,8],[true,1,7,8],[true,1,7,8],[true,1,7,8],[true,1,7,8]]",0,1,1,
8,"5CCP+J8 Woodland Hills, Los Angeles, CA, USA",99+cents+only+stores,"discount, dollar store",1,1,1,1,"[[true,1,7,8],[true,1,7,8],[true,1,7,8],[true,1,7,8],[true,1,7,8],[true,1,7,8],[true,1,7,8]]",0,1,1,
9,"6F2C+Q2 Reseda, Los Angeles, CA, USA",99+cents+only+stores,"discount, dollar store",1,1,1,1,"[[true,1,7,8],[true,1,7,8],[true,1,7,8],[true,1,7,8],[true,1,7,8],[true,1,7,8],[true,1,7,8]]",0,1,1,
10,"7F7W+HF Granada Hills, Los Angeles, CA, USA",99+cents+only+stores,"discount, dollar store",1,1,1,1,"[[true,1,7,8],[true,1,7,8],[true,1,7,8],[true,1,7,8],[true,1,7,8],[true,1,7,8],[true,1,7,8]]",0,1,1,
11,"6GHJ+JG North Hills, Los Angeles, CA, USA",99+cents+only+stores,"discount, dollar store",1,1,1,1,"[[true,1,7,8],[true,1,7,8],[true,1,7,8],[true,1,7,8],[true,1,7,8],[true,1,7,8],[true,1,7,8]]",0,1,1,
12,"5HV2+F8 Van Nuys, Los Angeles, CA, USA",99+cents+only+stores,"discount, dollar store",1,1,1,1,"[[true,1,7,8],[true,1,7,8],[true,1,7,8],[true,1,7,8],[true,1,7,8],[true,1,7,8],[true,1,7,8]]",0,1,1,
13,"6HG8+V7 Arleta, Los Angeles, CA, USA",99+cents+only+stores,"discount, dollar store",1,1,1,1,"[[true,1,7,8],[true,1,7,8],[true,1,7,8],[true,1,7,8],[true,1,7,8],[true,1,7,8],[true,1,7,8]]",0,1,1,
14,"77GR+VW Simi Valley, California, USA",99+cents+only+stores,"discount, dollar store",1,1,1,1,"[[true,1,7,8],[true,1,7,8],[true,1,7,8],[true,1,7,8],[true,1,7,8],[true,1,7,8],[true,1,7,8]]",0,1,1,
15,"6H2R+W3 North Hollywood, Los Angeles, CA, USA",99+cents+only+stores,"discount, dollar store",1,1,1,1,"[[true,1,7,8],[true,1,7,8],[true,1,7,8],[true,1,7,8],[true,1,7,8],[true,1,7,8],[true,1,7,8]]",0,1,1,
16,"6JF2+PP Sun Valley, Los Angeles, CA, USA",99+cents+only+stores,"discount, dollar store",1,1,1,1,"[[true,1,7,8],[true,1,7,8],[true,1,7,8],[true,1,7,8],[true,1,7,8],[true,1,7,8],[true,1,7,8]]",0,1,1,
17,"6H2R+W3 North Hollywood, Los Angeles, CA, USA",99+cents+only+stores,"discount, dollar store",1,1,1,1,"[[true,1,7,8],[true,1,7,8],[true,1,7,8],[true,1,7,8],[true,1,7,8],[true,1,7,8],[true,1,7,8]]",0,1,1,
18,"5JPJ+VC North Hollywood, Los Angeles, CA, USA",99+cents+only+stores,"discount, dollar store",1,1,1,1,"[[true,1,7,8],[true,1,7,8],[true,1,7,8],[true,1,7,8],[true,1,7,8],[true,1,7,8],[true,1,7,8]]",0,1,1,
19,"4JXP+96 North Hollywood, Los Angeles, CA, USA",99+cents+only+stores,"discount, dollar store",1,1,1,1,"[[true,1,7,8],[true,1,7,8],[true,1,7,8],[true,1,7,8],[true,1,7,8],[true,1,7,8],[true,1,7,8]]",0,1,1,
20,"8H6C+H4 Sylmar, Los Angeles, CA, USA",99+cents+only+stores,"discount, dollar store",1,1,1,1,"[[true,1,7,8],[true,1,7,8],[true,1,7,8],[true,1,7,8],[true,1,7,8],[true,1,7,8],[true,1,7,8]]",0,1,1,
21,"9CHR+4F Newhall, Santa Clarita, CA, USA",99+cents+only+stores,"discount, dollar store",1,1,1,1,"[[true,1,7,8],[true,1,7,8],[true,1,7,8],[true,1,7,8],[true,1,7,8],[true,1,7,8],[true,1,7,8]]",0,1,1,
22,"5GQM+6V Van Nuys, Los Angeles, CA, USA",99+Ranch+Market,asian,-1,-1,-1,1,"[[true,1,8,9],[true,1,8,9],[true,1,8,9],[true,1,8,9],[true,1,8,9],[false,,,],[false,,,]]",1,1,1,
23,"3VXG+2F Alhambra, California, USA",99+Ranch+Market,asian,-1,-1,-1,1,"[[true,1,8,9],[true,1,8,9],[true,1,8,9],[true,1,8,9],[true,1,8,9],[false,,,],[false,,,]]",1,1,1,
24,"3V78+FG Monterey Park, California, USA",99+Ranch+Market,asian,-1,-1,-1,1,"[[true,1,8,9],[true,1,8,9],[true,1,8,9],[true,1,8,9],[true,1,8,9],[false,,,],[false,,,]]",1,1,1,
25,"3VHX+3Q San Gabriel, California, USA",99+Ranch+Market,asian,-1,-1,-1,1,"[[true,1,8,9],[true,1,8,9],[true,1,8,9],[true,1,8,9],[true,1,8,9],[false,,,],[false,,,]]",1,1,1,
26,"4WFR+J8 Arcadia, California, USA",99+Ranch+Market,asian,-1,-1,-1,1,"[[true,1,8,9],[true,1,8,9],[true,1,8,9],[true,1,8,9],[true,1,8,9],[false,,,],[false,,,]]",1,1,1,
27,"VPC3+R4 Gardena, California, USA",99+Ranch+Market,asian,-1,-1,-1,1,"[[true,1,8,9],[true,1,8,9],[true,1,8,9],[true,1,8,9],[true,1,8,9],[false,,,],[false,,,]]",1,1,0,
28,"VW98+VR Artesia, California, USA",99+Ranch+Market,asian,-1,-1,-1,1,"[[true,1,8,9],[true,1,8,9],[true,1,8,9],[true,1,8,9],[true,1,8,9],[false,,,],[false,,,]]",1,1,1,
29,"X3V8+6M Hacienda Heights, California, USA",99+Ranch+Market,asian,-1,-1,-1,1,"[[true,1,8,9],[true,1,8,9],[true,1,8,9],[true,1,8,9],[true,1,8,9],[false,,,],[false,,,]]",1,1,1,
30,"X4W5+JQ Rowland Heights, California, USA",99+Ranch+Market,asian,-1,-1,-1,1,"[[true,1,8,9],[true,1,8,9],[true,1,8,9],[true,1,8,9],[true,1,8,9],[false,,,],[false,,,]]",1,1,1,
31,"R3R4+CH Anaheim, California, USA",99+Ranch+Market,asian,-1,-1,-1,1,"[[true,1,8,9],[true,1,8,9],[true,1,8,9],[true,1,8,9],[true,1,8,9],[false,,,],[false,,,]]",1,1,0,
32,"2755+RP Chino Hills, California, USA",99+Ranch+Market,asian,-1,-1,-1,1,"[[true,1,8,9],[true,1,8,9],[true,1,8,9],[true,1,8,9],[true,1,8,9],[false,,,],[false,,,]]",1,1,1,
33,"M6W2+HQ Irvine, California, USA",99+Ranch+Market,asian,-1,-1,-1,1,"[[true,1,8,9],[true,1,8,9],[true,1,8,9],[true,1,8,9],[true,1,8,9],[false,,,],[false,,,]]",1,1,0,
34,"XGJP+CG Marina Del Rey, California, USA",Alan's+Market,grocery store,-1,-1,-1,-1,,-1,1,1,
35,"6FMX+QC Northridge, Los Angeles, CA, USA",Albertsons,chain,1,1,1,1,"[[true,1,6,7],[true,1,6,7],[true,1,6,7],[true,1,6,7],[true,1,6,7],[true,1,6,7],[true,1,6,7]]",1,1,1,
36,"6C5W+V9 Reseda, Los Angeles, CA, USA",Albertsons,chain,1,1,1,1,"[[true,1,6,7],[true,1,6,7],[true,1,6,7],[true,1,6,7],[true,1,6,7],[true,1,6,7],[true,1,6,7]]",1,0,0,
37,"6PRJ+9Q Tujunga, Los Angeles, CA, USA",Albertsons,chain,1,1,1,1,"[[true,1,6,7],[true,1,6,7],[true,1,6,7],[true,1,6,7],[true,1,6,7],[true,1,6,7],[true,1,6,7]]",1,1,1,
38,"4P56+JR Los Angeles, California, USA",Albertsons,chain,1,1,1,1,"[[true,1,6,7],[true,1,6,7],[true,1,6,7],[true,1,6,7],[true,1,6,7],[true,1,6,7],[true,1,6,7]]",1,1,1,
39,"529V+R7 Newbury Park, Thousand Oaks, CA, USA",Albertsons,chain,1,1,1,1,"[[true,1,6,7],[true,1,6,7],[true,1,6,7],[true,1,6,7],[true,1,6,7],[true,1,6,7],[true,1,6,7]]",1,1,1,
40,"48V2+X4 Calabasas, California, USA",Albertsons,chain,1,1,1,1,"[[true,1,6,7],[true,1,6,7],[true,1,6,7],[true,1,6,7],[true,1,6,7],[true,1,6,7],[true,1,6,7]]",1,1,1,
41,"529V+R7 Newbury Park, Thousand Oaks, CA, USA",Albertsons,chain,1,1,1,1,"[[true,1,6,7],[true,1,6,7],[true,1,6,7],[true,1,6,7],[true,1,6,7],[true,1,6,7],[true,1,6,7]]",1,1,1,
42,"77HJ+XH Simi Valley, California, USA",ALDI,chain,1,1,1,1,"[[false,,,],[true,1,8.5,9.5],[false,,,],[true,1,8.5,9.5],[false,,,],[false,,,],[false,,,]]",1,1,1,
43,"76J6+M5 Simi Valley, California, USA",ALDI,chain,1,1,1,1,"[[false,,,],[true,1,8.5,9.5],[false,,,],[true,1,8.5,9.5],[false,,,],[false,,,],[false,,,]]",1,1,1,
44,"6GCX+9C Panorama City, Los Angeles, CA, USA",ALDI,chain,1,1,1,1,"[[false,,,],[true,1,8.5,9.5],[false,,,],[true,1,8.5,9.5],[false,,,],[false,,,],[false,,,]]",1,1,1,
45,"9FJ5+MQ Santa Clarita, California, USA",ALDI,chain,1,1,1,1,"[[false,,,],[true,1,8.5,9.5],[false,,,],[true,1,8.5,9.5],[false,,,],[false,,,],[false,,,]]",1,1,0,
46,"WMVC+P5 Inglewood, California, USA",ALDI,chain,1,1,1,1,"[[false,,,],[true,1,8.5,9.5],[false,,,],[true,1,8.5,9.5],[false,,,],[false,,,],[false,,,]]",1,1,0,
47,"3VR3+VP Alhambra, California, USA",ALDI,chain,1,1,1,1,"[[false,,,],[true,1,8.5,9.5],[false,,,],[true,1,8.5,9.5],[false,,,],[false,,,],[false,,,]]",1,1,1,
48,"5VM9+PG Altadena, California, USA",ALDI,chain,1,1,1,1,"[[false,,,],[true,1,8.5,9.5],[false,,,],[true,1,8.5,9.5],[false,,,],[false,,,],[false,,,]]",1,1,1,
49,"6R9R+34 Oxnard, California, USA",ALDI,chain,1,1,1,1,"[[false,,,],[true,1,8.5,9.5],[false,,,],[true,1,8.5,9.5],[false,,,],[false,,,],[false,,,]]",1,1,1,
50,"VMQW+VF Gardena, California, USA",ALDI,chain,1,1,1,1,"[[false,,,],[true,1,8.5,9.5],[false,,,],[true,1,8.5,9.5],[false,,,],[false,,,],[false,,,]]",1,1,1,
51,"WRXP+5C South Gate, California, USA",ALDI,chain,1,1,1,1,"[[false,,,],[true,1,8.5,9.5],[false,,,],[true,1,8.5,9.5],[false,,,],[false,,,],[false,,,]]",1,1,1,
52,"XWJ2+RC Pico Rivera, California, USA",ALDI,chain,1,1,1,1,"[[false,,,],[true,1,8.5,9.5],[false,,,],[true,1,8.5,9.5],[false,,,],[false,,,],[false,,,]]",1,1,1,
53,"4WFV+9F Arcadia, California, USA",ALDI,chain,1,1,1,1,"[[false,,,],[true,1,8.5,9.5],[false,,,],[true,1,8.5,9.5],[false,,,],[false,,,],[false,,,]]",1,1,1,
54,"6CMV+FF Northridge, Los Angeles, CA, USA",ALDI,chain,1,1,1,1,"[[false,,,],[true,1,8.5,9.5],[false,,,],[true,1,8.5,9.5],[false,,,],[false,,,],[false,,,]]",0,0,0,
55,"WVMF+WV Downey, California, USA",ALDI,chain,1,1,1,1,"[[false,,,],[true,1,8.5,9.5],[false,,,],[true,1,8.5,9.5],[false,,,],[false,,,],[false,,,]]",1,1,1,
56,"VQHH+XQ Compton, California, USA",ALDI,chain,1,1,1,1,"[[false,,,],[true,1,8.5,9.5],[false,,,],[true,1,8.5,9.5],[false,,,],[false,,,],[false,,,]]",1,1,0,
57,"5RW3+FH Oxnard, California, USA",ALDI,chain,1,1,1,1,"[[false,,,],[true,1,8.5,9.5],[false,,,],[true,1,8.5,9.5],[false,,,],[false,,,],[false,,,]]",1,1,1,
58,"RRR8+WH Long Beach, California, USA",ALDI,chain,1,1,1,1,"[[false,,,],[true,1,8.5,9.5],[false,,,],[true,1,8.5,9.5],[false,,,],[false,,,],[false,,,]]",1,1,1,
59,"JV23+7W Palmdale, California, USA",ALDI,chain,1,1,1,1,"[[false,,,],[true,1,8.5,9.5],[false,,,],[true,1,8.5,9.5],[false,,,],[false,,,],[false,,,]]",1,1,1,
60,"WWRX+9M Santa Fe Springs, California, USA",ALDI,chain,1,1,1,1,"[[false,,,],[true,1,8.5,9.5],[false,,,],[true,1,8.5,9.5],[false,,,],[false,,,],[false,,,]]",1,1,1,
61,"42R6+JC Monrovia, California, USA",ALDI,chain,1,1,1,1,"[[false,,,],[true,1,8.5,9.5],[false,,,],[true,1,8.5,9.5],[false,,,],[false,,,],[false,,,]]",1,1,1,
62,"W2W3+9V Whittier, California, USA",ALDI,chain,1,1,1,1,"[[false,,,],[true,1,8.5,9.5],[false,,,],[true,1,8.5,9.5],[false,,,],[false,,,],[false,,,]]",1,1,1,
63,"VW46+WX Cerritos, California, USA",ALDI,chain,1,1,1,1,"[[false,,,],[true,1,8.5,9.5],[false,,,],[true,1,8.5,9.5],[false,,,],[false,,,],[false,,,]]",1,1,1,
64,"23X2+6X La Puente, California, USA",ALDI,chain,1,1,1,1,"[[false,,,],[true,1,8.5,9.5],[false,,,],[true,1,8.5,9.5],[false,,,],[false,,,],[false,,,]]",1,1,1,
65,"433V+Q5 Covina, California, USA",ALDI,chain,1,1,1,1,"[[false,,,],[true,1,8.5,9.5],[false,,,],[true,1,8.5,9.5],[false,,,],[false,,,],[false,,,]]",1,1,0,
66,"W398+44 La Habra, California, USA",ALDI,chain,1,1,1,1,"[[false,,,],[true,1,8.5,9.5],[false,,,],[true,1,8.5,9.5],[false,,,],[false,,,],[false,,,]]",1,1,1,
67,"2014 E Ave. J, Lancaster, CA, USA 93535",ALDI,chain,1,1,1,1,"[[false,,,],[true,1,8.5,9.5],[false,,,],[true,1,8.5,9.5],[false,,,],[false,,,],[false,,,]]",1,1,1,
68,"R2X6+FQ Buena Park, California, USA",ALDI,chain,1,1,1,1,"[[false,,,],[true,1,8.5,9.5],[false,,,],[true,1,8.5,9.5],[false,,,],[false,,,],[false,,,]]",1,1,0,
69,"5FVJ+9W Van Nuys, Los Angeles, CA, USA",Arax+Groceries+%26+Deli,grocery store,0,0,0,0,,0,1,1,
70,"4WGW+VQ Arcadia, California, USA",Arcadia+Supermarket,supermarket,-1,-1,-1,-1,,0,1,1,
71,"3VH8+3M Alhambra, California, USA",Asia+Supermarket,asian,-1,-1,-1,-1,,0,1,0,
72,"5RQX+JR Altadena, California, USA",Baja+Ranch+Market,"delicaseen, latin, grocery store, mexican",0,0,0,0,,0,1,1,
73,"5V55+8P Pasadena, California, USA",Baja+Ranch+Market,"delicaseen, latin, grocery store, mexican",0,0,0,0,,0,1,1,
74,"4XQV+Q9 Monrovia, California, USA",Baja+Ranch+Market,"delicaseen, latin, grocery store, mexican",0,0,0,0,,0,1,1,
75,"34J5+RC Covina, California, USA",Baja+Ranch+Market,"delicaseen, latin, grocery store, mexican",0,0,0,0,,0,1,1,
76,"59HG+QC Woodland Hills, Los Angeles, CA, USA",Beni+Kosher+Market,"israeli, kosher",-1,-1,-1,-1,,-1,1,0,
77,"3J92+XF Beverly Hills, California, USA",Beverly+Hills+Market+%26+Deli,"delicaseen, grocery store",-1,-1,-1,-1,,1,1,0,
78,"2G6M+V5 Santa Monica, California, USA",Bob's+Market,grocery store,0,0,0,1,"[[true,1,8,9],[true,1,8,9],[true,1,8,9],[true,1,8,9],[true,1,8,9],[true,1,8,9],[true,1,8,9]]",1,1,1,
79,"3P9X+25 Los Angeles, California, USA",Bob's+Market,grocery store,0,0,0,1,"[[true,1,8,9],[true,1,8,9],[true,1,8,9],[true,1,8,9],[true,1,8,9],[true,1,8,9],[true,1,8,9]]",0,1,0,
80,"WXG3+H6 Whittier, California, USA",Bob's+Market,grocery store,0,0,0,1,"[[true,1,8,9],[true,1,8,9],[true,1,8,9],[true,1,8,9],[true,1,8,9],[true,1,8,9],[true,1,8,9]]",0,1,1,
81,"VX2Q+F9 Buena Park, California, USA",Bob's+Market,grocery store,0,0,0,1,"[[true,1,8,9],[true,1,8,9],[true,1,8,9],[true,1,8,9],[true,1,8,9],[true,1,8,9],[true,1,8,9]]",0,0,0,
82,"5958+J4 Woodland Hills, Los Angeles, CA, USA",Bristol+Farms,gourmet,0,0,1,1,"[[true,1,6,7],[true,1,6,7],[true,1,6,7],[true,1,6,7],[true,1,6,7],[true,1,6,7],[true,1,6,7]]",1,1,0,
83,"2GQG+XR Santa Monica, California, USA",Bristol+Farms,gourmet,0,0,1,1,"[[true,1,6,7],[true,1,6,7],[true,1,6,7],[true,1,6,7],[true,1,6,7],[true,1,6,7],[true,1,6,7]]",1,1,1,
84,"3H35+CQ Los Angeles, California, USA",Bristol+Farms,gourmet,0,0,1,1,"[[true,1,6,7],[true,1,6,7],[true,1,6,7],[true,1,6,7],[true,1,6,7],[true,1,6,7],[true,1,6,7]]",1,1,0,
85,"3JH6+28 West Hollywood, California, USA",Bristol+Farms,gourmet,0,0,1,1,"[[true,1,6,7],[true,1,6,7],[true,1,6,7],[true,1,6,7],[true,1,6,7],[true,1,6,7],[true,1,6,7]]",1,1,1,
86,"3JXQ+3F Los Angeles, California, USA",Bristol+Farms,gourmet,0,0,1,1,"[[true,1,6,7],[true,1,6,7],[true,1,6,7],[true,1,6,7],[true,1,6,7],[true,1,6,7],[true,1,6,7]]",1,1,0,
87,"XH6J+F9 Westchester, Los Angeles, CA, USA",Bristol+Farms,gourmet,0,0,1,1,"[[true,1,6,7],[true,1,6,7],[true,1,6,7],[true,1,6,7],[true,1,6,7],[true,1,6,7],[true,1,6,7]]",1,1,1,
88,"WJ27+7P Manhattan Beach, California, USA",Bristol+Farms,gourmet,0,0,1,1,"[[true,1,6,7],[true,1,6,7],[true,1,6,7],[true,1,6,7],[true,1,6,7],[true,1,6,7],[true,1,6,7]]",1,1,1,
89,"4V92+G2 South Pasadena, California, USA",Bristol+Farms,gourmet,0,0,1,1,"[[true,1,6,7],[true,1,6,7],[true,1,6,7],[true,1,6,7],[true,1,6,7],[true,1,6,7],[true,1,6,7]]",1,1,1,
90,"4V92+G2 South Pasadena, California, USA",Bristol+Farms,gourmet,0,0,1,1,"[[true,1,6,7],[true,1,6,7],[true,1,6,7],[true,1,6,7],[true,1,6,7],[true,1,6,7],[true,1,6,7]]",0,1,1,
91,"QJ9J+RV Rolling Hills Estates, California, USA",Bristol+Farms,gourmet,0,0,1,1,"[[true,1,6,7],[true,1,6,7],[true,1,6,7],[true,1,6,7],[true,1,6,7],[true,1,6,7],[true,1,6,7]]",1,1,0,
92,"V5QP+WP Yorba Linda, California, USA",Bristol+Farms,gourmet,0,0,1,1,"[[true,1,6,7],[true,1,6,7],[true,1,6,7],[true,1,6,7],[true,1,6,7],[true,1,6,7],[true,1,6,7]]",0,1,1,
93,"J44G+GM Newport Beach, California, USA",Bristol+Farms,gourmet,0,0,1,1,"[[true,1,6,7],[true,1,6,7],[true,1,6,7],[true,1,6,7],[true,1,6,7],[true,1,6,7],[true,1,6,7]]",1,1,0,
94,"3P4X+F7 Los Angeles, California, USA",Bunkerhill+Supermarket,supermarket,-1,-1,-1,-1,,0,1,0,
95,"3MRR+2C Los Angeles, California, USA",Catalina's+Supermarket,supermarket,-1,-1,-1,-1,,0,1,1,
96,"6CP2+2W Chatsworth, Los Angeles, CA, USA",City+Market,grocery store,1,1,1,1,"[[true,2,6,8],[false,,,],[true,2,6,8],[false,,,],[false,,,],[false,,,],[false,,,]]",0,1,0,
97,"6R54+58 Oxnard, California, USA",City+Market,grocery store,1,1,1,1,"[[true,2,6,8],[false,,,],[true,2,6,8],[false,,,],[false,,,],[false,,,],[false,,,]]",0,1,0,
98,"5JVF+FQ North Hollywood, Los Angeles, CA, USA",City+Market,grocery store,1,1,1,1,"[[true,2,6,8],[false,,,],[true,2,6,8],[false,,,],[false,,,],[false,,,],[false,,,]]",0,1,0,
99,"2JWX+6P Los Angeles, California, USA",City+Market,grocery store,1,1,1,1,"[[true,2,6,8],[false,,,],[true,2,6,8],[false,,,],[false,,,],[false,,,],[false,,,]]",0,1,0,
100,"6C24+63 Canoga Park, Los Angeles, CA, USA",Cixta+Enterprises+Inc,grocery store,1,0,0,1,"[[true,1,7,8],[true,1,7,8],[true,1,7,8],[true,1,7,8],[true,1,7,8],[true,1,7,8],[true,1,7,8]]",0,0,0,
101,"2JH7+5J Culver City, California, USA",Co-Opportunity+Market+Culver+City,natural,1,0,1,1,"[[true,1,7,8],[true,1,7,8],[true,1,7,8],[true,1,7,8],[true,1,7,8],[true,1,7,8],[true,1,7,8]]",1,1,1,
102,"2GF8+PV Santa Monica, California, USA",Co-Opportunity+Market+Santa+Monica,natural,1,0,1,1,"[[true,1,7,8],[true,1,7,8],[true,1,7,8],[true,1,7,8],[true,1,7,8],[true,1,7,8],[true,1,7,8]]",1,1,0,
103,"6CM6+49 Canoga Park, Los Angeles, CA, USA",De+Soto+Plaza+Liquor+%26+Junior,liquor store,-1,-1,-1,-1,,0,0,0,
104,"3W62+QH Rosemead, California, USA",Del+Mar+Supermarket,supermarket,-1,-1,-1,-1,,0,1,1,
105,"4PMX+8G Glendale, California, USA",El+Mambi+Mercado,"latin, grocery store",-1,-1,-1,-1,,0,0,0,
106,"6FH2+FG Northridge, Los Angeles, CA, USA",El+Progresso+Supermarket,mexican,-1,-1,-1,-1,,0,1,0,
107,"3MQF+8G Los Angeles, California, USA",El+Rancho+Super+Market,mexican,-1,-1,-1,-1,,0,1,1,
108,"7HM4+P4 San Fernando, California, USA",El+Super,mexican,-1,-1,-1,-1,,0,1,1,
109,"6HX3+2F Arleta, Los Angeles, CA, USA",El+Super,mexican,-1,-1,-1,-1,,0,1,1,
110,"6GGX+FM Panorama City, Los Angeles, CA, USA",El+Super,mexican,-1,-1,-1,-1,,0,1,1,
111,"6H3Q+2Q North Hollywood, Los Angeles, CA, USA",El+Super,mexican,-1,-1,-1,-1,,0,1,1,
112,"3X7H+C4 El Monte, California, USA",El+Valley+Center,discount,-1,-1,-1,-1,,-1,0,0,
113,"3JGV+99 Los Angeles, California, USA",Erewhon+Market,"grocery store, natural",0,0,0,1,"[[true,1,6,7],[true,1,6,7],[true,1,6,7],[true,1,6,7],[true,1,6,7],[true,1,6,7],[true,1,6,7]]",1,1,1,
114,"2GQF+2W Santa Monica, California, USA",Erewhon+Market,"grocery store, natural",0,0,0,1,"[[true,1,6,7],[true,1,6,7],[true,1,6,7],[true,1,6,7],[true,1,6,7],[true,1,6,7],[true,1,6,7]]",1,1,1,
115,"XGQQ+W4 Venice, Los Angeles, CA, USA",Erewhon+Market,"grocery store, natural",0,0,0,1,"[[true,1,6,7],[true,1,6,7],[true,1,6,7],[true,1,6,7],[true,1,6,7],[true,1,6,7],[true,1,6,7]]",1,1,1,
116,"47RV+92 Calabasas, California, USA",Erewhon+Market,"grocery store, natural",0,0,0,1,"[[true,1,6,7],[true,1,6,7],[true,1,6,7],[true,1,6,7],[true,1,6,7],[true,1,6,7],[true,1,6,7]]",1,1,0,
117,"2FWF+WR Pacific Palisades, Los Angeles, CA, USA",Erewhon+Market,"grocery store, natural",0,0,0,1,"[[true,1,6,7],[true,1,6,7],[true,1,6,7],[true,1,6,7],[true,1,6,7],[true,1,6,7],[true,1,6,7]]",1,1,0,
118,"6958+HQ Canoga Park, Los Angeles, CA, USA",Fields+Market,supermarket,-1,-1,-1,-1,,0,1,1,
119,"6C5G+MX Canoga Park, Los Angeles, CA, USA",Food+4+Less,"discount, warehouse market",,1,0,0,,1,1,1,
120,"5FV8+3X Reseda, Los Angeles, CA, USA",Food+4+Less,"discount, warehouse market",,1,0,0,,1,1,1,
121,"6GH7+2G North Hills, Los Angeles, CA, USA",Food+4+Less,"discount, warehouse market",,1,0,0,,1,1,1,
122,"6G24+7F Van Nuys, Los Angeles, CA, USA",Food+4+Less,"discount, warehouse market",,1,0,0,,1,1,1,
123,"6GGX+7M Panorama City, Los Angeles, CA, USA",Food+4+Less,"discount, warehouse market",,1,0,0,,1,1,1,
124,"7HX5+W6 Sylmar, Los Angeles, CA, USA",Food+4+Less,"discount, warehouse market",,1,0,0,,1,1,1,
125,"6HVJ+GX Arleta, Los Angeles, CA, USA",Food+4+Less,"discount, warehouse market",,1,0,0,,1,1,1,
126,"7HGQ+43 Pacoima, Los Angeles, CA, USA",Food+4+Less,"discount, warehouse market",,1,0,0,,1,1,1,
127,"6J86+F4 North Hollywood, Los Angeles, CA, USA",Food+4+Less,"discount, warehouse market",,1,0,0,,1,1,1,
128,"3MWR+XR Los Angeles, California, USA",Food+4+Less,"discount, warehouse market",,1,0,0,,1,1,1,
129,"2MRQ+VW Los Angeles, California, USA",Food+4+Less,"discount, warehouse market",,1,0,0,,1,1,1,
130,"3P28+G3 Los Angeles, California, USA",Food+4+Less,"discount, warehouse market",,1,0,0,,1,1,1,
131,"2MGR+2V Los Angeles, California, USA",Food+4+Less,"discount, warehouse market",,1,0,0,,1,1,1,
132,"3P4H+RP Los Angeles, California, USA",Food+4+Less,"discount, warehouse market",,1,0,0,,1,1,1,
133,"XMQQ+3M Los Angeles, California, USA",Food+4+Less,"discount, warehouse market",,1,0,0,,1,1,1,
134,"4Q4X+4X Los Angeles, California, USA",Food+4+Less,"discount, warehouse market",,1,0,0,,1,1,1,
135,"XPVG+JJ Los Angeles, California, USA",Food+4+Less,"discount, warehouse market",,1,0,0,,1,1,1,
136,"WMVC+JP Inglewood, California, USA",Food+4+Less,"discount, warehouse market",,1,0,0,,1,1,1,
137,"2QRV+CQ Los Angeles, California, USA",Food+4+Less,"discount, warehouse market",,1,0,0,,1,1,1,
138,"WMHQ+MP Los Angeles, California, USA",Food+4+Less,"discount, warehouse market",,1,0,0,,1,1,1,
139,"CG7H+JM Santa Clarita, California, USA",Food+4+Less,"discount, warehouse market",,1,0,0,,1,1,1,
140,"2G83+88 Santa Monica, California, USA",Fresh+Food+Market,grocery store,1,1,0,1,"[[true,1,8,9],[true,1,8,9],[true,1,8,9],[true,1,8,9],[true,1,8,9],[false,,,],[false,,,]]",1,0,0,
141,"7F47+C4 Northridge, Los Angeles, CA, USA",Galleria+Market,korean,0,0,1,0,,0,1,1,
142,"3M2R+XG Los Angeles, California, USA",Galleria+Market,korean,0,0,1,0,,0,1,0,
143,"3P85+7H Los Angeles, California, USA",Galleria+Market,korean,0,0,1,0,,0,1,1,
144,"49WP+XP Calabasas, California, USA",Gelson's+Market,contempory,-1,0,1,1,"[[true,1,7,8],[true,1,7,8],[true,1,7,8],[true,1,7,8],[true,1,7,8],[true,1,7,8],[true,1,7,8]]",1,1,1,
145,"5FC8+22 Tarzana, Los Angeles, CA, USA",Gelson's+Market,contempory,-1,0,1,1,"[[true,1,7,8],[true,1,7,8],[true,1,7,8],[true,1,7,8],[true,1,7,8],[true,1,7,8],[true,1,7,8]]",0,1,1,
146,"6563+3G Thousand Oaks, California, USA",Gelson's+Market,contempory,-1,0,1,1,"[[true,1,7,8],[true,1,7,8],[true,1,7,8],[true,1,7,8],[true,1,7,8],[true,1,7,8],[true,1,7,8]]",0,1,0,
147,"553F+4X Westlake Village, California, USA",Gelson's+Market,contempory,-1,0,1,1,"[[true,1,7,8],[true,1,7,8],[true,1,7,8],[true,1,7,8],[true,1,7,8],[true,1,7,8],[true,1,7,8]]",1,1,1,
148,"5G45+R7 Encino, Los Angeles, CA, USA",Gelson's+Market,contempory,-1,0,1,1,"[[true,1,7,8],[true,1,7,8],[true,1,7,8],[true,1,7,8],[true,1,7,8],[true,1,7,8],[true,1,7,8]]",0,1,1,
149,"5J43+HG Valley Village, Los Angeles, CA, USA",Gelson's+Market,contempory,-1,0,1,1,"[[true,1,7,8],[true,1,7,8],[true,1,7,8],[true,1,7,8],[true,1,7,8],[true,1,7,8],[true,1,7,8]]",1,1,1,
150,"5H32+FV Sherman Oaks, Los Angeles, CA, USA",Gelson's+Market,contempory,-1,0,1,1,"[[true,1,7,8],[true,1,7,8],[true,1,7,8],[true,1,7,8],[true,1,7,8],[true,1,7,8],[true,1,7,8]]",1,1,1,
151,"3H5J+35 Los Angeles, California, USA",Gelson's+Market,contempory,-1,0,1,1,"[[true,1,7,8],[true,1,7,8],[true,1,7,8],[true,1,7,8],[true,1,7,8],[true,1,7,8],[true,1,7,8]]",0,1,1,
152,"2FXC+5R Pacific Palisades, Los Angeles, CA, USA",Gelson's+Market,contempory,-1,0,1,1,"[[true,1,7,8],[true,1,7,8],[true,1,7,8],[true,1,7,8],[true,1,7,8],[true,1,7,8],[true,1,7,8]]",0,1,1,
153,"6R24+MX La Cañada Flintridge, California, USA",Gelson's+Market,contempory,-1,0,1,1,"[[true,1,7,8],[true,1,7,8],[true,1,7,8],[true,1,7,8],[true,1,7,8],[true,1,7,8],[true,1,7,8]]",1,1,0,
154,"4P5G+4X Los Angeles, California, USA",Gelson's+Market,contempory,-1,0,1,1,"[[true,1,7,8],[true,1,7,8],[true,1,7,8],[true,1,7,8],[true,1,7,8],[true,1,7,8],[true,1,7,8]]",1,1,1,
155,"4M4M+82 Hollywood, Los Angeles, CA, USA",Gelson's+Market,contempory,-1,0,1,1,"[[true,1,7,8],[true,1,7,8],[true,1,7,8],[true,1,7,8],[true,1,7,8],[true,1,7,8],[true,1,7,8]]",1,1,1,
156,"3JRH+6F West Hollywood, California, USA",Gelson's+Market,contempory,-1,0,1,1,"[[true,1,7,8],[true,1,7,8],[true,1,7,8],[true,1,7,8],[true,1,7,8],[true,1,7,8],[true,1,7,8]]",0,1,1,
157,"3H6J+5H Los Angeles, California, USA",Gelsons+Supermarket,contemporary,-1,0,1,1,"[[true,1,7,8],[true,1,7,8],[true,1,7,8],[true,1,7,8],[true,1,7,8],[true,1,7,8],[true,1,7,8]]",0,0,0,
158,"4W25+Q8 San Gabriel, California, USA",Good+Fortune+Supermarket,asian,-1,-1,-1,-1,,0,1,1,
159,"3XV8+6P El Monte, California, USA",Good+Fortune+Supermarket,asian,-1,-1,-1,-1,,0,0,0,
160,"4XJJ+P8 Monrovia, California, USA",Good+Fortune+Supermarket,asian,-1,-1,-1,-1,,0,1,1,
161,"XQV3+43 Los Angeles, California, USA",Grace+Super+Market,grocery store,-1,-1,-1,-1,,0,0,0,
162,"6F2J+JM Van Nuys, Los Angeles, CA, USA",Greenland+Market,asian,-1,-1,-1,-1,,-1,1,1,
163,"3P2P+PJ Los Angeles, California, USA",Green+Life+Market,grocery store,-1,-1,-1,-1,,-1,0,0,
164,"77H7+73 Simi Valley, California, USA",Grocery+Outlet,"discount, chain",-1,-1,-1,-1,,0,1,1,
165,"74J7+86 Moorpark, California, USA",Grocery+Outlet,"discount, chain",-1,-1,-1,-1,,0,1,1,
166,"6JJM+J2 Sun Valley, Los Angeles, CA, USA",Grocery+Outlet,"discount, chain",-1,-1,-1,-1,,0,1,1,
167,"5M9G+8Q Burbank, California, USA",Grocery+Outlet,"discount, chain",-1,-1,-1,-1,,0,1,1,
168,"3V88+W3 Monterey Park, California, USA",GW+Supermarket,asian,-1,-1,-1,-1,,0,1,1,
169,"3W65+97 Rosemead, California, USA",GW+Supermarket,asian,-1,-1,-1,-1,,0,1,1,
170,"3WJF+P5 Rosemead, California, USA",GW+Supermarket,asian,-1,-1,-1,-1,,0,1,1,
171,"X3QX+M4 Rowland Heights, California, USA",GW+Supermarket,asian,-1,-1,-1,-1,,0,1,1,
172,"3M7R+35 Los Angeles, California, USA","H+Mart,+Los+Angeles,+MaDang",korean,1,0,1,1,"[[true,1,9,10],[true,1,9,10],[true,1,9,10],[true,1,9,10],[true,1,9,10],[true,1,9,10],[true,1,9,10]]",1,1,1,
173,"3M4R+5G Los Angeles, California, USA","H+Mart,+Los+Angeles,+K-Town",korean,1,0,1,1,"[[true,1,9,10],[true,1,9,10],[true,1,9,10],[true,1,9,10],[true,1,9,10],[true,1,9,10],[true,1,9,10]]",0,1,0,
174,"3MFR+JG Los Angeles, California, USA",H+K+Market,korean,0,0,1,0,,0,1,1,
175,"RXW3+V6 La Palma, California, USA",Hannam+Super+Market,korean,-1,-1,-1,-1,,0,1,1,
176,"3WH2+MG San Gabriel, California, USA",Hawaii+Supermarket,"asian, supermarket",-1,0,0,-1,,0,1,1,
177,"3W76+7G Rosemead, California, USA",Hoa+Binh+Rosemead+Supermarket,asian,-1,-1,-1,-1,,-1,1,1,
178,"6C25+PJ Canoga Park, Los Angeles, CA, USA",Hoa+Vie+Market,asian,-1,-1,-1,-1,,0,1,0,
179,"3V7G+8J Monterey Park, California, USA",Hong+Kong+Supermarket,asian,-1,-1,-1,-1,,0,1,1,
180,"X3PW+QQ Rowland Heights, California, USA",Hong+Kong+Supermarket,asian,-1,-1,-1,-1,,0,1,1,
181,"23HP+Q6 West Covina, California, USA",Island+Pacific+Supermarket,"filipino, supermarket",0,0,0,1,"[[true,1,8,9],[true,1,8,9],[true,1,8,9],[true,1,8,9],[true,1,8,9],[true,1,8,9],[true,1,8,9]]",1,1,1,
182,"VW65+2W Cerritos, California, USA",Island+Pacific+Supermarket,"filipino, supermarket",0,0,0,1,"[[true,1,8,9],[true,1,8,9],[true,1,8,9],[true,1,8,9],[true,1,8,9],[true,1,8,9],[true,1,8,9]]",1,1,1,
183,"RR88+X4 Long Beach, California, USA",Island+Pacific+Supermarket,"filipino, supermarket",0,0,0,1,"[[true,1,8,9],[true,1,8,9],[true,1,8,9],[true,1,8,9],[true,1,8,9],[true,1,8,9],[true,1,8,9]]",1,1,1,
184,"6C96+J7 Canoga Park, Los Angeles, CA, USA",Island+Pacific+Supermarket,"filipino, supermarket",0,0,0,1,"[[true,1,8,9],[true,1,8,9],[true,1,8,9],[true,1,8,9],[true,1,8,9],[true,1,8,9],[true,1,8,9]]",1,1,1,
185,"CG8F+RQ Santa Clarita, California, USA",Island+Pacific+Supermarket,"filipino, supermarket",0,0,0,1,"[[true,1,8,9],[true,1,8,9],[true,1,8,9],[true,1,8,9],[true,1,8,9],[true,1,8,9],[true,1,8,9]]",1,1,1,
186,"2MWG+MG Los Angeles, California, USA",Jay's+Market,grocery store,-1,-1,-1,-1,,0,1,1,
187,"32J9+GX Baldwin Park, California, USA",Jay's+Market,grocery store,-1,-1,-1,-1,,0,0,0,
188,"39RH+PV Ontario, California, USA",Jay's+Market,grocery store,-1,-1,-1,-1,,0,1,0,
189,"VCH6+6M Corona, California, USA",Jay's+Market,grocery store,-1,-1,-1,-1,,0,0,0,
190,"3MRV+FW Los Angeles, California, USA",Jons+Fresh,supermarket,1,1,1,1,"[[false,,,],[true,1,7,8],[false,,,],[true,1,7,8],[false,,,],[false,,,],[false,,,]]",0,1,1,
191,"6CCG+CV Winnetka, Los Angeles, CA, USA",JONS+International+Marketplace,supermarket,1,1,1,1,"[[false,,,],[true,1,7,8],[false,,,],[true,1,7,8],[false,,,],[false,,,],[false,,,]]",0,1,1,
192,"6F2C+RC Reseda, Los Angeles, CA, USA",JONS+International+Marketplace,supermarket,1,1,1,1,"[[false,,,],[true,1,7,8],[false,,,],[true,1,7,8],[false,,,],[false,,,],[false,,,]]",0,1,1,
193,"5HR2+VC Van Nuys, Los Angeles, CA, USA",JONS+International+Marketplace,supermarket,1,1,1,1,"[[false,,,],[true,1,7,8],[false,,,],[true,1,7,8],[false,,,],[false,,,],[false,,,]]",0,1,1,
194,"5GXM+XV Van Nuys, Los Angeles, CA, USA",JONS+International+Marketplace,supermarket,1,1,1,1,"[[false,,,],[true,1,7,8],[false,,,],[true,1,7,8],[false,,,],[false,,,],[false,,,]]",0,1,1,
195,"5J72+QX Valley Village, Los Angeles, CA, USA",JONS+International+Marketplace,supermarket,1,1,1,1,"[[false,,,],[true,1,7,8],[false,,,],[true,1,7,8],[false,,,],[false,,,],[false,,,]]",0,1,1,
196,"4P24+4X Los Angeles, California, USA",JONS+International+Marketplace,supermarket,1,1,1,1,"[[false,,,],[true,1,7,8],[false,,,],[true,1,7,8],[false,,,],[false,,,],[false,,,]]",0,1,1,
197,"5PC6+R4 Glendale, California, USA",JONS+International+Marketplace,supermarket,1,1,1,1,"[[false,,,],[true,1,7,8],[false,,,],[true,1,7,8],[false,,,],[false,,,],[false,,,]]",0,1,1,
198,"4QV2+2P Glendale, California, USA",JONS+International+Marketplace,supermarket,1,1,1,1,"[[false,,,],[true,1,7,8],[false,,,],[true,1,7,8],[false,,,],[false,,,],[false,,,]]",0,1,1,
199,"3M5X+2F Los Angeles, California, USA",JONS+International+Marketplace,supermarket,1,1,1,1,"[[false,,,],[true,1,7,8],[false,,,],[true,1,7,8],[false,,,],[false,,,],[false,,,]]",0,1,1,
200,"3P93+MG Los Angeles, California, USA",JONS+International+Marketplace,supermarket,1,1,1,1,"[[false,,,],[true,1,7,8],[false,,,],[true,1,7,8],[false,,,],[false,,,],[false,,,]]",0,1,1,
201,"77J6+JC Simi Valley, California, USA",Lassens+Natural+Foods+%26+Vitamins,"natural, health",1,0,0,0,,0,1,0,
202,"55F3+Q6 Thousand Oaks, California, USA",Lassens+Natural+Foods+%26+Vitamins,"natural, health",1,0,0,0,,0,1,0,
203,"3M64+MC Los Angeles, California, USA",Lassens+Natural+Foods+%26+Vitamins,"natural, health",1,0,0,0,,1,1,0,
204,"4P57+V5 Los Angeles, California, USA",Lassens+Natural+Foods+%26+Vitamins,"natural, health",1,0,0,0,,0,1,1,
205,"3PHR+3V Los Angeles, California, USA",Lassens+Natural+Foods+%26+Vitamins,"natural, health",1,0,0,0,,1,1,1,
206,"5R9C+7F Oxnard, California, USA",Lassens+Natural+Foods+%26+Vitamins,"natural, health",1,0,0,0,,0,1,0,
207,"7Q77+J5 Ventura, California, USA",Lassens+Natural+Foods+%26+Vitamins,"natural, health",1,0,0,0,,0,1,1,
208,"6CCJ+79 Winnetka, Los Angeles, CA, USA",Liquor+Stop+N+Go+Supermarket,"grocery store,liquor store",-1,-1,-1,-1,,0,0,0,
209,"3Q25+33 Los Angeles, California, USA",Marukai+Market,japanese,1,1,1,0,,0,1,1,
210,"2GHX+MG Los Angeles, California, USA",Marukai,japanese,1,1,1,0,,0,1,1,
211,"5FJ7+FQ Reseda, Los Angeles, CA, USA",Mega+Glatt+Mart,Kosher,-1,-1,-1,-1,,0,1,?,
212,"7H37+X8 Arleta, Los Angeles, CA, USA",Metro+Supermarket,supermarket,-1,-1,-1,-1,,-1,1,1,
213,"3P4F+7R Los Angeles, California, USA",Metro+Supermarket,supermarket,-1,-1,-1,-1,,-1,0,0,
214,"2PW7+X8 Los Angeles, California, USA",Metro+Supermarket,supermarket,-1,-1,-1,-1,,-1,1,0,
215,"XQQ9+RX Huntington Park, California, USA",Mini+Supermarket,grocery store,-1,-1,-1,-1,,-1,0,0,
216,"2H48+2J Los Angeles, California, USA",Mitsuwa+Marketplace+-+Santa+Monica,japanese,-1,-1,-1,1,"[[true,1,8,9],[true,1,8,9],[true,1,8,9],[true,1,8,9],[true,1,8,9],[true,1,8,9],[true,1,8,9]]",0,1,1,
217,"5HPV+RH North Hollywood, Los Angeles, CA, USA",Mousaler+Supermarket,supermarket,-1,-1,-1,-1,,0,1,1,
218,"6F27+WF Reseda, Los Angeles, CA, USA",New+Bangluck+Market,asian,-1,-1,-1,-1,,0,1,1,
219,"2QX5+FR Los Angeles, California, USA",Nijiya+Market+ Little+Tokyo+Store,japanese,-1,-1,1,1,"[[true,0.5,8.5,9],[[true,0.5,8.5,9],[[true,0.5,8.5,9],[[true,0.5,8.5,9],[[true,0.5,8.5,9],[[true,0.5,8.5,9],[[true,0.5,8.5,9]]",0,1,0,
220,"QMRC+9C Torrance, California, USA",Nijiya+Market+Rolling+Hills+Store,japanese,-1,-1,1,1,"[[true,0.5,9.5,10],[true,0.5,9.5,10],[true,0.5,9.5,10],[true,0.5,9.5,10],[true,0.5,9.5,10],[true,0.5,9.5,10],[true,0.5,9.5,10]]",0,1,0,
221,"2HQ5+JC Los Angeles, California, USA",Nijiya+Market+Sawtelle+Store,japanese,-1,-1,1,1,"[[true,1,9,10],[true,1,9,10],[true,1,9,10],[true,1,9,10],[true,1,9,10],[true,1,9,10],[true,1,9,10]]",0,1,0,
222,"VM8M+F8 Torrance, California, USA",Nijiya+Market+Torrance+Store,japanese,-1,-1,1,1,"[[true,0.5,8.5,9],[[true,0.5,8.5,9],[[true,0.5,8.5,9],[[true,0.5,8.5,9],[[true,0.5,8.5,9],[[true,0.5,8.5,9],[[true,0.5,8.5,9]]",0,1,1,
223,"3Q47+RR Los Angeles, California, USA",Nimiya+super+market,grocery store,-1,-1,-1,-1,,0,0,0,
224,"5JJ8+H9 North Hollywood, Los Angeles, CA, USA",North+Hollywood+Market,supermarket,-1,-1,-1,-1,,0,1,0,
225,"5CCX+WC Tarzana, Los Angeles, CA, USA",Oliv’e+Food+Market,grocery store,-1,-1,-1,-1,,1,1,0,
226,"5HHV+VG North Hollywood, Los Angeles, CA, USA",Olive+Fresh+Garden+Marketplace,grocery store,-1,-1,-1,-1,,0,1,1,
227,"7H9J+57 Pacoima, Los Angeles, CA, USA",Omega+supermarket,grocery store,-1,-1,-1,-1,,0,0,1,
228,"59Q5+P9 West Hills, Los Angeles, CA, USA",Pavilions,chain,1,1,1,1,"[[true,1,6,7],[true,1,6,7],[true,1,6,7],[true,1,6,7],[true,1,6,7],[true,1,6,7],[true,1,6,7]]",1,1,1,
229,"56M6+MR Thousand Oaks, California, USA",Pavilions,chain,1,1,1,1,"[[true,1,6,7],[true,1,6,7],[true,1,6,7],[true,1,6,7],[true,1,6,7],[true,1,6,7],[true,1,6,7]]",1,1,1,
230,"2FHX+6W Santa Monica, California, USA",Pavilions,chain,1,1,1,1,"[[true,1,6,7],[true,1,6,7],[true,1,6,7],[true,1,6,7],[true,1,6,7],[true,1,6,7],[true,1,6,7]]",1,1,1,
231,"25CQ+CV Malibu, California, USA",Pavilions,chain,1,1,1,1,"[[true,1,6,7],[true,1,6,7],[true,1,6,7],[true,1,6,7],[true,1,6,7],[true,1,6,7],[true,1,6,7]]",1,1,1,
232,"3JM7+G9 West Hollywood, California, USA",Pavilions,chain,1,1,1,1,"[[true,1,6,7],[true,1,6,7],[true,1,6,7],[true,1,6,7],[true,1,6,7],[true,1,6,7],[true,1,6,7]]",1,1,1,
233,"3J62+34 Beverly Hills, California, USA",Pavilions,chain,1,1,1,1,"[[true,1,6,7],[true,1,6,7],[true,1,6,7],[true,1,6,7],[true,1,6,7],[true,1,6,7],[true,1,6,7]]",1,1,1,
234,"5M6P+GH Burbank, California, USA",Pavilions,chain,1,1,1,1,"[[true,1,6,7],[true,1,6,7],[true,1,6,7],[true,1,6,7],[true,1,6,7],[true,1,6,7],[true,1,6,7]]",1,1,1,
235,"3MMF+R4 Los Angeles, California, USA",Pavilions,chain,1,1,1,1,"[[true,1,6,7],[true,1,6,7],[true,1,6,7],[true,1,6,7],[true,1,6,7],[true,1,6,7],[true,1,6,7]]",1,1,1,
236,"XHP6+25 Marina Del Rey, California, USA",Pavilions,chain,1,1,1,1,"[[true,1,6,7],[true,1,6,7],[true,1,6,7],[true,1,6,7],[true,1,6,7],[true,1,6,7],[true,1,6,7]]",1,1,1,
237,"5G3V+88 Sherman Oaks, Los Angeles, CA, USA",Pavilions,chain,1,1,1,1,"[[true,1,6,7],[true,1,6,7],[true,1,6,7],[true,1,6,7],[true,1,6,7],[true,1,6,7],[true,1,6,7]]",0,0,0,
238,"XJW4+PF Culver City, California, USA",Pavilions,chain,1,1,1,1,"[[true,1,6,7],[true,1,6,7],[true,1,6,7],[true,1,6,7],[true,1,6,7],[true,1,6,7],[true,1,6,7]]",1,1,1,
239,"4VP8+GP Pasadena, California, USA",Pavilions,chain,1,1,1,1,"[[true,1,6,7],[true,1,6,7],[true,1,6,7],[true,1,6,7],[true,1,6,7],[true,1,6,7],[true,1,6,7]]",1,1,1,
240,"4R6X+JC South Pasadena, California, USA",Pavilions,chain,1,1,1,1,"[[true,1,6,7],[true,1,6,7],[true,1,6,7],[true,1,6,7],[true,1,6,7],[true,1,6,7],[true,1,6,7]]",1,1,1,
241,"QJGC+5Q Rolling Hills Estates, California, USA",Pavilions,chain,1,1,1,1,"[[true,1,6,7],[true,1,6,7],[true,1,6,7],[true,1,6,7],[true,1,6,7],[true,1,6,7],[true,1,6,7]]",1,1,1,
242,"RV6M+MR Long Beach, California, USA",Pavilions,chain,1,1,1,1,"[[true,1,6,7],[true,1,6,7],[true,1,6,7],[true,1,6,7],[true,1,6,7],[true,1,6,7],[true,1,6,7]]",1,1,1,
243,"2W44+9H Pico Rivera, California, USA",Pico+Supermarket,grocery store,-1,-1,-1,-1,,-1,1,0,
244,"6CCW+FW Northridge, Los Angeles, CA, USA",Pisco+Sour+Market+%26+Peruvian+Restaurant,supermarket,-1,-1,1,-1,,1,1,0,
245,"5FVR+J7 Van Nuys, Los Angeles, CA, USA",Q+Market+and+Produce,iranian,1,0,0,0,,0,1,1,
246,"3V6J+XX Monterey Park, California, USA",Quang+Hoa+Supermarket,asian,-1,-1,-1,-1,,0,1,1,
247,"77C5+84 Simi Valley, California, USA",Ralphs,chain,-1,0,0,1,"[[true,1,6.5,7.5],[true,1,6.5,7.5],[true,1,6.5,7.5],[true,1,6.5,7.5],[true,1,6.5,7.5],[true,1,6.5,7.5],[true,1,6.5,7.5]]",1,1,1,
248,"7C52+6J Chatsworth, Los Angeles, CA, USA",Ralphs,chain,-1,0,0,1,"[[true,1,6.5,7.5],[true,1,6.5,7.5],[true,1,6.5,7.5],[true,1,6.5,7.5],[true,1,6.5,7.5],[true,1,6.5,7.5],[true,1,6.5,7.5]]",1,1,1,
249,"7CGP+FH Northridge, Los Angeles, CA, USA",Ralphs,chain,-1,0,0,1,"[[true,1,6.5,7.5],[true,1,6.5,7.5],[true,1,6.5,7.5],[true,1,6.5,7.5],[true,1,6.5,7.5],[true,1,6.5,7.5],[true,1,6.5,7.5]]",1,1,1,
250,"5934+PJ Calabasas, California, USA",Ralphs,chain,-1,0,0,1,"[[true,1,6.5,7.5],[true,1,6.5,7.5],[true,1,6.5,7.5],[true,1,6.5,7.5],[true,1,6.5,7.5],[true,1,6.5,7.5],[true,1,6.5,7.5]]",1,1,1,
251,"599W+VC Woodland Hills, Los Angeles, CA, USA",Ralphs,chain,-1,0,0,1,"[[true,1,6.5,7.5],[true,1,6.5,7.5],[true,1,6.5,7.5],[true,1,6.5,7.5],[true,1,6.5,7.5],[true,1,6.5,7.5],[true,1,6.5,7.5]]",1,1,1,
252,"7F7G+78 Granada Hills, Los Angeles, CA, USA",Ralphs,chain,-1,0,0,1,"[[true,1,6.5,7.5],[true,1,6.5,7.5],[true,1,6.5,7.5],[true,1,6.5,7.5],[true,1,6.5,7.5],[true,1,6.5,7.5],[true,1,6.5,7.5]]",1,1,1,
253,"5CCH+3V Woodland Hills, Los Angeles, CA, USA",Ralphs,chain,-1,0,0,1,"[[true,1,6.5,7.5],[true,1,6.5,7.5],[true,1,6.5,7.5],[true,1,6.5,7.5],[true,1,6.5,7.5],[true,1,6.5,7.5],[true,1,6.5,7.5]]",1,1,1,
254,"7F4X+JF Granada Hills, Los Angeles, CA, USA",Ralphs,chain,-1,0,0,1,"[[true,1,6.5,7.5],[true,1,6.5,7.5],[true,1,6.5,7.5],[true,1,6.5,7.5],[true,1,6.5,7.5],[true,1,6.5,7.5],[true,1,6.5,7.5]]",1,1,1,
255,"6F4R+QF Van Nuys, Los Angeles, CA, USA",Ralphs,chain,-1,0,0,1,"[[true,1,6.5,7.5],[true,1,6.5,7.5],[true,1,6.5,7.5],[true,1,6.5,7.5],[true,1,6.5,7.5],[true,1,6.5,7.5],[true,1,6.5,7.5]]",1,1,1,
256,"9CMG+27 Stevenson Ranch, California, USA",Ralphs,chain,-1,0,0,1,"[[true,1,6.5,7.5],[true,1,6.5,7.5],[true,1,6.5,7.5],[true,1,6.5,7.5],[true,1,6.5,7.5],[true,1,6.5,7.5],[true,1,6.5,7.5]]",1,1,1,
257,"557G+9H Thousand Oaks, California, USA",Ralphs,chain,-1,0,0,1,"[[true,1,6.5,7.5],[true,1,6.5,7.5],[true,1,6.5,7.5],[true,1,6.5,7.5],[true,1,6.5,7.5],[true,1,6.5,7.5],[true,1,6.5,7.5]]",1,1,1,
258,"54XM+64 Thousand Oaks, California, USA",Ralphs,chain,-1,0,0,1,"[[true,1,6.5,7.5],[true,1,6.5,7.5],[true,1,6.5,7.5],[true,1,6.5,7.5],[true,1,6.5,7.5],[true,1,6.5,7.5],[true,1,6.5,7.5]]",1,1,1,
259,"5F7H+2C Encino, Los Angeles, CA, USA",Ralphs,chain,-1,0,0,1,"[[true,1,6.5,7.5],[true,1,6.5,7.5],[true,1,6.5,7.5],[true,1,6.5,7.5],[true,1,6.5,7.5],[true,1,6.5,7.5],[true,1,6.5,7.5]]",1,1,1,
260,"CC3X+WC Valencia, Santa Clarita, CA, USA",Ralphs,chain,-1,0,0,1,"[[true,1,6.5,7.5],[true,1,6.5,7.5],[true,1,6.5,7.5],[true,1,6.5,7.5],[true,1,6.5,7.5],[true,1,6.5,7.5],[true,1,6.5,7.5]]",1,1,1,
261,"564R+3J Old Agoura, Agoura Hills, CA, USA",Ralphs,chain,-1,0,0,1,"[[true,1,6.5,7.5],[true,1,6.5,7.5],[true,1,6.5,7.5],[true,1,6.5,7.5],[true,1,6.5,7.5],[true,1,6.5,7.5],[true,1,6.5,7.5]]",1,1,1,
262,"74J8+3M Moorpark, California, USA",Ralphs,chain,-1,0,0,1,"[[true,1,6.5,7.5],[true,1,6.5,7.5],[true,1,6.5,7.5],[true,1,6.5,7.5],[true,1,6.5,7.5],[true,1,6.5,7.5],[true,1,6.5,7.5]]",1,1,1,
263,"692P+PH Canoga Park, Los Angeles, CA, USA",Ralphs,chain,-1,0,0,1,"[[true,1,6.5,7.5],[true,1,6.5,7.5],[true,1,6.5,7.5],[true,1,6.5,7.5],[true,1,6.5,7.5],[true,1,6.5,7.5],[true,1,6.5,7.5]]",1,0,0,
264,"F94J+QG Castaic, California, USA",Ralphs,chain,-1,0,0,1,"[[true,1,6.5,7.5],[true,1,6.5,7.5],[true,1,6.5,7.5],[true,1,6.5,7.5],[true,1,6.5,7.5],[true,1,6.5,7.5],[true,1,6.5,7.5]]",1,1,1,
265,"CCWX+86 Valencia, Santa Clarita, CA, USA",Ralphs,chain,-1,0,0,1,"[[true,1,6.5,7.5],[true,1,6.5,7.5],[true,1,6.5,7.5],[true,1,6.5,7.5],[true,1,6.5,7.5],[true,1,6.5,7.5],[true,1,6.5,7.5]]",1,1,1,
266,"6H29+Q4 Van Nuys, Los Angeles, CA, USA",Ralphs,chain,-1,0,0,1,"[[true,1,6.5,7.5],[true,1,6.5,7.5],[true,1,6.5,7.5],[true,1,6.5,7.5],[true,1,6.5,7.5],[true,1,6.5,7.5],[true,1,6.5,7.5]]",1,1,1,
267,"53PQ+X3 Newbury Park, Thousand Oaks, CA, USA",Ralphs,chain,-1,0,0,1,"[[true,1,6.5,7.5],[true,1,6.5,7.5],[true,1,6.5,7.5],[true,1,6.5,7.5],[true,1,6.5,7.5],[true,1,6.5,7.5],[true,1,6.5,7.5]]",1,1,1,
268,"5HC3+M5 Sherman Oaks, Los Angeles, CA, USA",Ralphs,chain,-1,0,0,1,"[[true,1,6.5,7.5],[true,1,6.5,7.5],[true,1,6.5,7.5],[true,1,6.5,7.5],[true,1,6.5,7.5],[true,1,6.5,7.5],[true,1,6.5,7.5]]",1,1,1,
269,"4HX6+X8 Sherman Oaks, Los Angeles, CA, USA",Ralphs,chain,-1,0,0,1,"[[true,1,6.5,7.5],[true,1,6.5,7.5],[true,1,6.5,7.5],[true,1,6.5,7.5],[true,1,6.5,7.5],[true,1,6.5,7.5],[true,1,6.5,7.5]]",1,1,1,
270,"5H8P+77 Van Nuys, Los Angeles, CA, USA",Ralphs,chain,-1,0,0,1,"[[true,1,6.5,7.5],[true,1,6.5,7.5],[true,1,6.5,7.5],[true,1,6.5,7.5],[true,1,6.5,7.5],[true,1,6.5,7.5],[true,1,6.5,7.5]]",1,1,1,
271,"6JF2+2V Sun Valley, Los Angeles, CA, USA",Ralphs,chain,-1,0,0,1,"[[true,1,6.5,7.5],[true,1,6.5,7.5],[true,1,6.5,7.5],[true,1,6.5,7.5],[true,1,6.5,7.5],[true,1,6.5,7.5],[true,1,6.5,7.5]]",1,1,1,
272,"28M3+HX Malibu, California, USA",Ralphs,chain,-1,0,0,1,"[[true,1,6.5,7.5],[true,1,6.5,7.5],[true,1,6.5,7.5],[true,1,6.5,7.5],[true,1,6.5,7.5],[true,1,6.5,7.5],[true,1,6.5,7.5]]",1,1,1,
273,"CG7G+RP Canyon Country, Santa Clarita, CA, USA",Ralphs,chain,-1,0,0,1,"[[true,1,6.5,7.5],[true,1,6.5,7.5],[true,1,6.5,7.5],[true,1,6.5,7.5],[true,1,6.5,7.5],[true,1,6.5,7.5],[true,1,6.5,7.5]]",1,1,1,
274,"5JR3+J2 North Hollywood, Los Angeles, CA, USA",Ralphs,chain,-1,0,0,1,"[[true,1,6.5,7.5],[true,1,6.5,7.5],[true,1,6.5,7.5],[true,1,6.5,7.5],[true,1,6.5,7.5],[true,1,6.5,7.5],[true,1,6.5,7.5]]",1,1,1,
275,"3H74+3C Los Angeles, California, USA",Ralphs,chain,-1,0,0,1,"[[true,1,6.5,7.5],[true,1,6.5,7.5],[true,1,6.5,7.5],[true,1,6.5,7.5],[true,1,6.5,7.5],[true,1,6.5,7.5],[true,1,6.5,7.5]]",1,1,1,
276,"5J7J+QQ North Hollywood, Los Angeles, CA, USA",Ralphs,chain,-1,0,0,1,"[[true,1,6.5,7.5],[true,1,6.5,7.5],[true,1,6.5,7.5],[true,1,6.5,7.5],[true,1,6.5,7.5],[true,1,6.5,7.5],[true,1,6.5,7.5]]",1,1,1,
277,"4HVP+MP Studio City, Los Angeles, CA, USA",Ralphs,chain,-1,0,0,1,"[[true,1,6.5,7.5],[true,1,6.5,7.5],[true,1,6.5,7.5],[true,1,6.5,7.5],[true,1,6.5,7.5],[true,1,6.5,7.5],[true,1,6.5,7.5]]",1,1,1,
278,"2GVM+X5 Los Angeles, California, USA",Ralphs,chain,-1,0,0,1,"[[true,1,6.5,7.5],[true,1,6.5,7.5],[true,1,6.5,7.5],[true,1,6.5,7.5],[true,1,6.5,7.5],[true,1,6.5,7.5],[true,1,6.5,7.5]]",1,1,1,
279,"5MM6+J6 Burbank, California, USA",Ralphs,chain,-1,0,0,1,"[[true,1,6.5,7.5],[true,1,6.5,7.5],[true,1,6.5,7.5],[true,1,6.5,7.5],[true,1,6.5,7.5],[true,1,6.5,7.5],[true,1,6.5,7.5]]",1,1,1,
280,"2GGG+QF Santa Monica, California, USA",Ralphs,chain,-1,0,0,1,"[[true,1,6.5,7.5],[true,1,6.5,7.5],[true,1,6.5,7.5],[true,1,6.5,7.5],[true,1,6.5,7.5],[true,1,6.5,7.5],[true,1,6.5,7.5]]",1,1,1,
281,"4JQJ+VV Studio City, Los Angeles, CA, USA",Ralphs,chain,-1,0,0,1,"[[true,1,6.5,7.5],[true,1,6.5,7.5],[true,1,6.5,7.5],[true,1,6.5,7.5],[true,1,6.5,7.5],[true,1,6.5,7.5],[true,1,6.5,7.5]]",1,1,1,
282,"2FWG+3F Pacific Palisades, Los Angeles, CA, USA",Ralphs,chain,-1,0,0,1,"[[true,1,6.5,7.5],[true,1,6.5,7.5],[true,1,6.5,7.5],[true,1,6.5,7.5],[true,1,6.5,7.5],[true,1,6.5,7.5],[true,1,6.5,7.5]]",1,1,1,
283,"7M6F+67 Tujunga, Los Angeles, CA, USA",Ralphs,chain,-1,0,0,1,"[[true,1,6.5,7.5],[true,1,6.5,7.5],[true,1,6.5,7.5],[true,1,6.5,7.5],[true,1,6.5,7.5],[true,1,6.5,7.5],[true,1,6.5,7.5]]",1,1,1,
284,"5MQJ+GP Burbank, California, USA",Ralphs,chain,-1,0,0,1,"[[true,1,6.5,7.5],[true,1,6.5,7.5],[true,1,6.5,7.5],[true,1,6.5,7.5],[true,1,6.5,7.5],[true,1,6.5,7.5],[true,1,6.5,7.5]]",1,1,1,
285,"2HM2+WC Los Angeles, California, USA",Ralphs,chain,-1,0,0,1,"[[true,1,6.5,7.5],[true,1,6.5,7.5],[true,1,6.5,7.5],[true,1,6.5,7.5],[true,1,6.5,7.5],[true,1,6.5,7.5],[true,1,6.5,7.5]]",1,1,1,
286,"3H2J+XR Los Angeles, California, USA",Ralphs,chain,-1,0,0,1,"[[true,1,6.5,7.5],[true,1,6.5,7.5],[true,1,6.5,7.5],[true,1,6.5,7.5],[true,1,6.5,7.5],[true,1,6.5,7.5],[true,1,6.5,7.5]]",1,1,1,
287,"WQVR+PR South Gate, California, USA",Rancho+Latino+Super+Market,grocery,-1,-1,-1,-1,,-1,1,0,
288,"6H2Q+Q2 North Hollywood, Los Angeles, CA, USA",Royal+Fresh+Market,grocery store,-1,-1,-1,-1,,0,1,1,
289,"5F6P+JM Encino, Los Angeles, CA, USA",Sabzee+Market,supermarket,-1,-1,-1,-1,,1,1,1,
290,"3WH5+J4 San Gabriel, California, USA",San+Gabriel+Superstore,asian,1,1,0,0,,0,1,1,
291,"6GM8+XH North Hills, Los Angeles, CA, USA",Seafood+City+Supermarket,"asian, filipino, general",0,0,0,0,,0,1,1,
292,"6HC8+4P Panorama City, Los Angeles, CA, USA",Seafood+City+Supermarket,"asian, filipino, general",0,0,0,0,,0,1,1,
293,"3PC5+PH Los Angeles, California, USA",Seafood+City+Supermarket,"asian, filipino, general",0,0,0,0,,0,1,1,
294,"4QRF+8V Los Angeles, California, USA",Seafood+City,"asian, filipino, general",0,0,0,0,,1,1,1,
295,"RPJC+V5 Carson, California, USA",Seafood+City+Supermarket,"asian, filipino, general",0,0,0,0,,0,1,1,
296,"VWFH+RG Cerritos, California, USA",Seafood+City+Supermarket,"asian, filipino, general",0,0,0,0,,0,1,1,
297,"23JP+QV West Covina, California, USA",Seafood+City+Supermarket,"asian, filipino, general",0,0,0,0,,0,1,1,
298,"3W5P+XJ South El Monte, California, USA",Shun+Fat+Supermarket,asian,1,1,0,0,,0,1,1,
299,"4M2V+QF Los Angeles, California, USA",Silom+Supermarket,asian,-1,-1,-1,-1,,0,1,1,
300,"78F4+3W Simi Valley, California, USA",Smart+%26+Final+Extra!,warehouse,1,0,0,1,"[[false,,,],[true,2,6,8],[false,,,],[true,2,6,8],[false,,,],[false,,,],[false,,,]]",0,1,1,
301,"76CQ+6V Simi Valley, California, USA",Smart+%26+Final+Extra!,warehouse,1,0,0,1,"[[false,,,],[true,2,6,8],[false,,,],[true,2,6,8],[false,,,],[false,,,],[false,,,]]",0,1,1,
302,"7C5C+CF Chatsworth, Los Angeles, CA, USA",Smart+%26+Final,grocery store,1,0,0,1,"[[false,,,],[true,2,6,8],[false,,,],[true,2,6,8],[false,,,],[false,,,],[false,,,]]",0,1,0,
303,"6C2C+RH Winnetka, Los Angeles, CA, USA",Smart+%26+Final+Extra!,warehouse,1,0,0,1,"[[false,,,],[true,2,6,8],[false,,,],[true,2,6,8],[false,,,],[false,,,],[false,,,]]",0,1,1,
304,"599H+4X Woodland Hills, Los Angeles, CA, USA",Smart+%26+Final+Extra!,warehouse,1,0,0,1,"[[false,,,],[true,2,6,8],[false,,,],[true,2,6,8],[false,,,],[false,,,],[false,,,]]",0,1,1,
305,"7F56+9V Northridge, Los Angeles, CA, USA",Smart+%26+Final+Extra!,warehouse,1,0,0,1,"[[false,,,],[true,2,6,8],[false,,,],[true,2,6,8],[false,,,],[false,,,],[false,,,]]",0,1,0,
306,"74JP+H3 Moorpark, California, USA",Smart+%26+Final+Extra!,warehouse,1,0,0,1,"[[false,,,],[true,2,6,8],[false,,,],[true,2,6,8],[false,,,],[false,,,],[false,,,]]",0,1,1,
307,"5634+F6 Westlake Village, California, USA",Smart+%26+Final+Extra!,warehouse,1,0,0,1,"[[false,,,],[true,2,6,8],[false,,,],[true,2,6,8],[false,,,],[false,,,],[false,,,]]",0,1,1,
308,"9FH2+8Q Santa Clarita, California, USA",Smart+%26+Final+Extra!,warehouse,1,0,0,1,"[[false,,,],[true,2,6,8],[false,,,],[true,2,6,8],[false,,,],[false,,,],[false,,,]]",0,1,1,
309,"7G47+PM Granada Hills, Los Angeles, CA, USA",Smart+%26+Final+Extra!,warehouse,1,0,0,1,"[[false,,,],[true,2,6,8],[false,,,],[true,2,6,8],[false,,,],[false,,,],[false,,,]]",0,1,1,
310,"5F5X+XX Encino, Los Angeles, CA, USA",Smart+%26+Final,grocery store,1,0,0,1,"[[false,,,],[true,2,6,8],[false,,,],[true,2,6,8],[false,,,],[false,,,],[false,,,]]",0,1,1,
311,"CCRF+W7 Valencia, Santa Clarita, CA, USA",Smart+%26+Final+Extra!,warehouse,1,0,0,1,"[[false,,,],[true,2,6,8],[false,,,],[true,2,6,8],[false,,,],[false,,,],[false,,,]]",0,1,1,
312,"6H72+42 Van Nuys, Los Angeles, CA, USA",Smart+%26+Final,grocery store,1,0,0,1,"[[false,,,],[true,2,6,8],[false,,,],[true,2,6,8],[false,,,],[false,,,],[false,,,]]",0,1,1,
313,"53MG+4C Thousand Oaks, California, USA",Smart+%26+Final+Extra!,warehouse,1,0,0,1,"[[false,,,],[true,2,6,8],[false,,,],[true,2,6,8],[false,,,],[false,,,],[false,,,]]",0,1,1,
314,"7HX6+CG San Fernando, California, USA",Smart+%26+Final+Extra!,warehouse,1,0,0,1,"[[false,,,],[true,2,6,8],[false,,,],[true,2,6,8],[false,,,],[false,,,],[false,,,]]",0,1,1,
315,"5JR2+8X North Hollywood, Los Angeles, CA, USA",Smart+%26+Final+Extra!,warehouse,1,0,0,1,"[[false,,,],[true,2,6,8],[false,,,],[true,2,6,8],[false,,,],[false,,,],[false,,,]]",0,1,1,
316,"7H9G+44 Pacoima, Los Angeles, CA, USA",Smart+%26+Final,grocery store,1,0,0,1,"[[false,,,],[true,2,6,8],[false,,,],[true,2,6,8],[false,,,],[false,,,],[false,,,]]",0,1,1,
317,"2GQP+W6 Los Angeles, California, USA",Smart+%26+Final,grocery store,1,0,0,1,"[[false,,,],[true,2,6,8],[false,,,],[true,2,6,8],[false,,,],[false,,,],[false,,,]]",0,1,1,
318,"5JFX+MM Burbank, California, USA",Smart+%26+Final,grocery store,1,0,0,1,"[[false,,,],[true,2,6,8],[false,,,],[true,2,6,8],[false,,,],[false,,,],[false,,,]]",0,1,1,
319,"5M53+XX Burbank, California, USA",Smart+%26+Final+Extra!,warehouse,1,0,0,1,"[[false,,,],[true,2,6,8],[false,,,],[true,2,6,8],[false,,,],[false,,,],[false,,,]]",0,1,1,
320,"5MPJ+QF Burbank, California, USA",Sprouts+Farmers+Market,"natural, specialty, organic",-1,-1,0,1,"[[false,,,],[true,1,7,8],[false,,,],[true,1,7,8],[false,,,],[false,,,],[false,,,]]",0,1,1,
321,"7F8G+M8 Granada Hills, Los Angeles, CA, USA",Sprouts+Farmers+Market,"natural, specialty, organic",-1,-1,0,1,"[[false,,,],[true,1,7,8],[false,,,],[true,1,7,8],[false,,,],[false,,,],[false,,,]]",0,1,0,
322,"599W+QQ Woodland Hills, Los Angeles, CA, USA",Sprouts+Farmers+Market,"natural, specialty, organic",-1,-1,0,1,"[[false,,,],[true,1,7,8],[false,,,],[true,1,7,8],[false,,,],[false,,,],[false,,,]]",0,1,0,
323,"59QG+Q6 West Hills, Los Angeles, CA, USA",Sprouts+Farmers+Market,"natural, specialty, organic",-1,-1,0,1,"[[false,,,],[true,1,7,8],[false,,,],[true,1,7,8],[false,,,],[false,,,],[false,,,]]",0,1,0,
324,"552F+V5 Thousand Oaks, California, USA",Sprouts+Farmers+Market,"natural, specialty, organic",-1,-1,0,1,"[[false,,,],[true,1,7,8],[false,,,],[true,1,7,8],[false,,,],[false,,,],[false,,,]]",0,1,0,
325,"54M5+X3 Thousand Oaks, California, USA",Sprouts+Farmers+Market,"natural, specialty, organic",-1,-1,0,1,"[[false,,,],[true,1,7,8],[false,,,],[true,1,7,8],[false,,,],[false,,,],[false,,,]]",0,1,1,
326,"77H5+69 Simi Valley, California, USA",Sprouts+Farmers+Market,"natural, specialty, organic",-1,-1,0,1,"[[false,,,],[true,1,7,8],[false,,,],[true,1,7,8],[false,,,],[false,,,],[false,,,]]",0,1,1,
327,"76C8+59 Simi Valley, California, USA",Stater+Bros.+Markets,"organic, grocery store",-1,-1,-1,-1,,0,1,1,
328,"CG3P+H3 Santa Clarita, California, USA",Stater+Bros.+Markets,"organic, grocery store",-1,-1,-1,-1,,0,1,1,
329,"4Q37+9M Los Angeles, California, USA",Super+A+Foods,grocery store,1,0,0,1,"[[true,1,7,8],[true,1,7,8],[true,1,7,8],[true,1,7,8],[true,1,7,8],[true,1,7,8],[true,1,7,8]]",0,1,1,
330,"4Q9X+WG Highland Park, Los Angeles, CA, USA",Super+A+Foods,grocery store,1,0,0,1,"[[true,1,7,8],[true,1,7,8],[true,1,7,8],[true,1,7,8],[true,1,7,8],[true,1,7,8],[true,1,7,8]]",0,1,1,
331,"2VF8+95 Montebello, California, USA",Super+A+Foods,grocery store,1,0,0,1,"[[true,1,7,8],[true,1,7,8],[true,1,7,8],[true,1,7,8],[true,1,7,8],[true,1,7,8],[true,1,7,8]]",0,1,1,
332,"XQ6W+P8 South Gate, California, USA",Super+A+Foods,grocery store,1,0,0,1,"[[true,1,7,8],[true,1,7,8],[true,1,7,8],[true,1,7,8],[true,1,7,8],[true,1,7,8],[true,1,7,8]]",0,1,1,
333,"4W2G+F3 Temple City, California, USA",Super+A+Foods,grocery store,1,0,0,1,"[[true,1,7,8],[true,1,7,8],[true,1,7,8],[true,1,7,8],[true,1,7,8],[true,1,7,8],[true,1,7,8]]",0,1,1,
334,"93WJ+QG Fillmore, California, USA",Super+A+Foods,grocery store,1,0,0,1,"[[true,1,7,8],[true,1,7,8],[true,1,7,8],[true,1,7,8],[true,1,7,8],[true,1,7,8],[true,1,7,8]]",0,1,1,
335,"WR7X+M8 Paramount, California, USA",Super+A+Foods,grocery store,1,0,0,1,"[[true,1,7,8],[true,1,7,8],[true,1,7,8],[true,1,7,8],[true,1,7,8],[true,1,7,8],[true,1,7,8]]",0,1,1,
336,"XR7X+MM Bell Gardens, California, USA",Super+A+Foods,grocery store,1,0,0,1,"[[true,1,7,8],[true,1,7,8],[true,1,7,8],[true,1,7,8],[true,1,7,8],[true,1,7,8],[true,1,7,8]]",0,1,1,
337,"3X7H+95 El Monte, California, USA",Super+Hk+Market,supermarket,-1,-1,-1,-1,,-1,1,1,
338,"4Q54+VQ Los Angeles, California, USA",Super+King+Market+02,"delicaseen, grocery store",-1,-1,-1,-1,,-1,1,1,
339,"6CRR+F5 Northridge, Los Angeles, CA, USA",Super+King+Markets,"delicaseen, grocery store",-1,-1,-1,-1,,0,1,0,
340,"6G2X+WQ Van Nuys, Los Angeles, CA, USA",Super+King+Markets,"delicaseen, grocery store",-1,-1,-1,-1,,0,1,1,
341,"5P95+7Q Glendale, California, USA",Super+King+Markets,"delicaseen, grocery store",-1,-1,-1,-1,,0,1,1,
342,"2P64+FM Los Angeles, California, USA",Super+Mercado+Latino,supermarket,-1,-1,-1,-1,,0,1,1,
343,"5F6M+Q3 Encino, Los Angeles, CA, USA",Super+Sal+Market,kosher,-1,-1,-1,-1,,0,1,?,
344,"6HWH+V8 Pacoima, Los Angeles, CA, USA",Superior+Grocers,grocery store,0,0,1,1,"[[true,1,7,8],[true,1,7,8],[true,1,7,8],[true,1,7,8],[true,1,7,8],[true,1,7,8],[true,1,7,8]]",,1,1,
345,"5JM8+39 North Hollywood, Los Angeles, CA, USA",Superior+Grocers,grocery store,0,0,1,1,"[[true,1,7,8],[true,1,7,8],[true,1,7,8],[true,1,7,8],[true,1,7,8],[true,1,7,8],[true,1,7,8]]",,1,1,
346,"3PR4+65 Los Angeles, California, USA",Supermarket+%26+Liquor,"grocery store, liquor store",-1,-1,-1,-1,,0,1,0,
347,"77J6+46 Simi Valley, California, USA",Target,department store,1,0,1,1,"[[false,,,],[true,1,7,8],[true,1,7,8],[false,,,],[false,,,],[false,,,],[false,,,]]",1,1,1,
348,"59RF+49 West Hills, Los Angeles, CA, USA",Target,department store,1,0,1,1,"[[false,,,],[true,1,7,8],[true,1,7,8],[false,,,],[false,,,],[false,,,],[false,,,]]",1,1,1,
349,"76F2+8Q Simi Valley, California, USA",Target,department store,1,0,1,1,"[[false,,,],[true,1,7,8],[true,1,7,8],[false,,,],[false,,,],[false,,,],[false,,,]]",1,1,1,
350,"59RW+HR Canoga Park, Los Angeles, CA, USA",Target,department store,1,0,1,1,"[[false,,,],[true,1,7,8],[true,1,7,8],[false,,,],[false,,,],[false,,,],[false,,,]]",1,1,1,
351,"6CJQ+9V Northridge, Los Angeles, CA, USA",Target,department store,1,0,1,1,"[[false,,,],[true,1,7,8],[true,1,7,8],[false,,,],[false,,,],[false,,,],[false,,,]]",1,1,1,
352,"5C87+QR Woodland Hills, Los Angeles, CA, USA",Target,department store,1,0,1,1,"[[false,,,],[true,1,7,8],[true,1,7,8],[false,,,],[false,,,],[false,,,],[false,,,]]",1,1,1,
353,"7FFW+6H Granada Hills, Los Angeles, CA, USA",Target,department store,1,0,1,1,"[[false,,,],[true,1,7,8],[true,1,7,8],[false,,,],[false,,,],[false,,,],[false,,,]]",1,1,1,
354,"74HM+84 Moorpark, California, USA",Target,department store,1,0,1,1,"[[false,,,],[true,1,7,8],[true,1,7,8],[false,,,],[false,,,],[false,,,],[false,,,]]",1,1,1,
355,"6FMW+QP Northridge, Los Angeles, CA, USA",Target,department store,1,0,1,1,"[[false,,,],[true,1,7,8],[true,1,7,8],[false,,,],[false,,,],[false,,,],[false,,,]]",1,1,1,
356,"46X4+3H Westlake Village, California, USA",Target,department store,1,0,1,1,"[[false,,,],[true,1,7,8],[true,1,7,8],[false,,,],[false,,,],[false,,,],[false,,,]]",1,1,1,
357,"CCCQ+C9 Valencia, Santa Clarita, CA, USA",Target,department store,1,0,1,1,"[[false,,,],[true,1,7,8],[true,1,7,8],[false,,,],[false,,,],[false,,,],[false,,,]]",1,1,1,
358,"7G5M+8F Mission Hills, Los Angeles, CA, USA",Target,department store,1,0,1,1,"[[false,,,],[true,1,7,8],[true,1,7,8],[false,,,],[false,,,],[false,,,],[false,,,]]",1,1,1,
359,"6G7R+47 Van Nuys, Los Angeles, CA, USA",Target,department store,1,0,1,1,"[[false,,,],[true,1,7,8],[true,1,7,8],[false,,,],[false,,,],[false,,,],[false,,,]]",1,1,1,
360,"5GFM+W6 Van Nuys, Los Angeles, CA, USA",Target,department store,1,0,1,1,"[[false,,,],[true,1,7,8],[true,1,7,8],[false,,,],[false,,,],[false,,,],[false,,,]]",1,1,1,
361,"6HWJ+36 Pacoima, Los Angeles, CA, USA",Target,department store,1,0,1,1,"[[false,,,],[true,1,7,8],[true,1,7,8],[false,,,],[false,,,],[false,,,],[false,,,]]",1,1,1,
362,"9GVP+R3 Santa Clarita, California, USA",Target,department store,1,0,1,1,"[[false,,,],[true,1,7,8],[true,1,7,8],[false,,,],[false,,,],[false,,,],[false,,,]]",1,1,1,
363,"53R8+C9 Thousand Oaks, California, USA",Target,department store,1,0,1,1,"[[false,,,],[true,1,7,8],[true,1,7,8],[false,,,],[false,,,],[false,,,],[false,,,]]",1,1,1,
364,"5JQH+FF North Hollywood, Los Angeles, CA, USA",Target,department store,1,0,1,1,"[[false,,,],[true,1,7,8],[true,1,7,8],[false,,,],[false,,,],[false,,,],[false,,,]]",1,1,1,
365,"3H74+4F Los Angeles, California, USA",Target,department store,1,0,1,1,"[[false,,,],[true,1,7,8],[true,1,7,8],[false,,,],[false,,,],[false,,,],[false,,,]]",1,1,1,
366,"5MQ9+VH Burbank, California, USA",Target,department store,1,0,1,1,"[[false,,,],[true,1,7,8],[true,1,7,8],[false,,,],[false,,,],[false,,,],[false,,,]]",1,1,1,
367,"3W6P+2H South El Monte, California, USA",Thuan+Phat+Supermarket,asian,1,1,0,0,,0,1,0,
368,"2RCP+QG Los Angeles, California, USA",Top+Valu+Market,mexican,-1,-1,-1,-1,,-1,1,1,
369,"WJPW+XP Lennox, California, USA",Top+Valu+Market,mexican,-1,-1,-1,-1,,-1,1,1,
370,"QRC4+V8 Long Beach, California, USA",Top+Valu+Market,mexican,-1,-1,-1,-1,,-1,1,1,
371,"77J6+9J Simi Valley, California, USA",Trader+Joe's,"natural, specialty",1,1,1,1,"[[true,1,8,9],[true,1,8,9],[true,1,8,9],[true,1,8,9],[true,1,8,9],[true,1,8,9],[true,1,8,9]]",0,1,1,
372,"7C5C+8F Chatsworth, Los Angeles, CA, USA",Trader+Joe's,"natural, specialty",1,1,1,1,"[[true,1,8,9],[true,1,8,9],[true,1,8,9],[true,1,8,9],[true,1,8,9],[true,1,8,9],[true,1,8,9]]",0,1,1,
373,"59RF+VM West Hills, Los Angeles, CA, USA",Trader+Joe's,"natural, specialty",1,1,1,1,"[[true,1,8,9],[true,1,8,9],[true,1,8,9],[true,1,8,9],[true,1,8,9],[true,1,8,9],[true,1,8,9]]",0,1,0,
374,"5C85+V3 Woodland Hills, Los Angeles, CA, USA",Trader+Joe's,"natural, specialty",1,1,1,1,"[[true,1,8,9],[true,1,8,9],[true,1,8,9],[true,1,8,9],[true,1,8,9],[true,1,8,9],[true,1,8,9]]",0,1,1,
375,"46WV+H8 Agoura Hills, California, USA",Trader+Joe's,"natural, specialty",1,1,1,1,"[[true,1,8,9],[true,1,8,9],[true,1,8,9],[true,1,8,9],[true,1,8,9],[true,1,8,9],[true,1,8,9]]",0,1,1,
376,"5944+72 Calabasas, California, USA",Trader+Joe's,"natural, specialty",1,1,1,1,"[[true,1,8,9],[true,1,8,9],[true,1,8,9],[true,1,8,9],[true,1,8,9],[true,1,8,9],[true,1,8,9]]",0,1,1,
377,"557F+HM Westlake Village, California, USA",Trader+Joe's,"natural, specialty",1,1,1,1,"[[true,1,8,9],[true,1,8,9],[true,1,8,9],[true,1,8,9],[true,1,8,9],[true,1,8,9],[true,1,8,9]]",0,1,0,
378,"7FFX+39 Granada Hills, Los Angeles, CA, USA",Trader+Joe's,"natural, specialty",1,1,1,1,"[[true,1,8,9],[true,1,8,9],[true,1,8,9],[true,1,8,9],[true,1,8,9],[true,1,8,9],[true,1,8,9]]",0,1,1,
379,"5FCJ+PV Encino, Los Angeles, CA, USA",Trader+Joe's,"natural, specialty",1,1,1,1,"[[true,1,8,9],[true,1,8,9],[true,1,8,9],[true,1,8,9],[true,1,8,9],[true,1,8,9],[true,1,8,9]]",0,1,1,
380,"649J+H9 Thousand Oaks, California, USA",Trader+Joe's,"natural, specialty",1,1,1,1,"[[true,1,8,9],[true,1,8,9],[true,1,8,9],[true,1,8,9],[true,1,8,9],[true,1,8,9],[true,1,8,9]]",0,1,1,
381,"CFH6+CM Santa Clarita, California, USA",Trader+Joe's,"natural, specialty",1,1,1,1,"[[true,1,8,9],[true,1,8,9],[true,1,8,9],[true,1,8,9],[true,1,8,9],[true,1,8,9],[true,1,8,9]]",0,1,1,
382,"5H55+5M Sherman Oaks, Los Angeles, CA, USA",Trader+Joe's,"natural, specialty",1,1,1,1,"[[true,1,8,9],[true,1,8,9],[true,1,8,9],[true,1,8,9],[true,1,8,9],[true,1,8,9],[true,1,8,9]]",0,1,1,
383,"52JW+2F Thousand Oaks, California, USA",Trader+Joe's,"natural, specialty",1,1,1,1,"[[true,1,8,9],[true,1,8,9],[true,1,8,9],[true,1,8,9],[true,1,8,9],[true,1,8,9],[true,1,8,9]]",0,1,1,
384,"4JV4+5R Studio City, Los Angeles, CA, USA",Trader+Joe's,"natural, specialty",1,1,1,1,"[[true,1,8,9],[true,1,8,9],[true,1,8,9],[true,1,8,9],[true,1,8,9],[true,1,8,9],[true,1,8,9]]",0,1,1,
385,"2GGV+GM Santa Monica, California, USA",Trader+Joe's,"natural, specialty",1,1,1,1,"[[true,1,8,9],[true,1,8,9],[true,1,8,9],[true,1,8,9],[true,1,8,9],[true,1,8,9],[true,1,8,9]]",0,1,1,
386,"3H64+WF Los Angeles, California, USA",Trader+Joe's,"natural, specialty",1,1,1,1,"[[true,1,8,9],[true,1,8,9],[true,1,8,9],[true,1,8,9],[true,1,8,9],[true,1,8,9],[true,1,8,9]]",0,1,1,
387,"2HM2+F7 Los Angeles, California, USA",Trader+Joe's,"natural, specialty",1,1,1,1,"[[true,1,8,9],[true,1,8,9],[true,1,8,9],[true,1,8,9],[true,1,8,9],[true,1,8,9],[true,1,8,9]]",0,1,1,
388,"6W9W+WP Camarillo, California, USA",Trader+Joe's,"natural, specialty",1,1,1,1,"[[true,1,8,9],[true,1,8,9],[true,1,8,9],[true,1,8,9],[true,1,8,9],[true,1,8,9],[true,1,8,9]]",0,1,1,
389,"2GM9+8W Santa Monica, California, USA",Trader+Joe's,"natural, specialty",1,1,1,1,"[[true,1,8,9],[true,1,8,9],[true,1,8,9],[true,1,8,9],[true,1,8,9],[true,1,8,9],[true,1,8,9]]",0,1,1,
390,"2HJH+2C Los Angeles, California, USA",Trader+Joe's,"natural, specialty",1,1,1,1,"[[true,1,8,9],[true,1,8,9],[true,1,8,9],[true,1,8,9],[true,1,8,9],[true,1,8,9],[true,1,8,9]]",0,1,1,
391,"8WWJ+RV Santa Paula, California, USA",Tresierras+Supermarkets,"organic, grocery store",-1,-1,-1,-1,,0,1,1,
392,"5R4C+7G Oxnard, California, USA",Tresierras+Supermarkets,"organic, grocery store",-1,-1,-1,-1,,0,1,1,
393,"XR7M+6M Bell Gardens, California, USA",Uno+Supermarket,grocery store,-1,-1,-1,-1,,-1,1,0,
394,"699V+76 Canoga Park, Los Angeles, CA, USA",Vallarta+Supermarkets,mexican,1,0,0,1,"[[true,1,7,8],[true,1,7,8],[true,1,7,8],[true,1,7,8],[true,1,7,8],[true,1,7,8],[true,1,7,8]]",1,1,1,
395,"6C24+63 Canoga Park, Los Angeles, CA, USA",Vallarta+Supermarkets,mexican,1,0,0,1,"[[true,1,7,8],[true,1,7,8],[true,1,7,8],[true,1,7,8],[true,1,7,8],[true,1,7,8],[true,1,7,8]]",1,1,1,
396,"5CVP+XV Winnetka, Los Angeles, CA, USA",Vallarta+Supermarkets,mexican,1,0,0,1,"[[true,1,7,8],[true,1,7,8],[true,1,7,8],[true,1,7,8],[true,1,7,8],[true,1,7,8],[true,1,7,8]]",1,1,1,
397,"6FF7+R8 Northridge, Los Angeles, CA, USA",Vallarta+Supermarkets,mexican,1,0,0,1,"[[true,1,7,8],[true,1,7,8],[true,1,7,8],[true,1,7,8],[true,1,7,8],[true,1,7,8],[true,1,7,8]]",1,1,1,
398,"5GP8+R2 Van Nuys, Los Angeles, CA, USA",Vallarta+Supermarkets,mexican,1,0,0,1,"[[true,1,7,8],[true,1,7,8],[true,1,7,8],[true,1,7,8],[true,1,7,8],[true,1,7,8],[true,1,7,8]]",1,1,1,
399,"6GPM+M8 North Hills, Los Angeles, CA, USA",Vallarta+Supermarkets,mexican,1,0,0,1,"[[true,1,7,8],[true,1,7,8],[true,1,7,8],[true,1,7,8],[true,1,7,8],[true,1,7,8],[true,1,7,8]]",1,1,1,
400,"6HP2+G2 Panorama City, Los Angeles, CA, USA",Vallarta+Supermarkets,mexican,1,0,0,1,"[[true,1,7,8],[true,1,7,8],[true,1,7,8],[true,1,7,8],[true,1,7,8],[true,1,7,8],[true,1,7,8]]",1,1,1,
401,"6HM6+94 Arleta, Los Angeles, CA, USA",Vallarta+Supermarkets,mexican,1,0,0,1,"[[true,1,7,8],[true,1,7,8],[true,1,7,8],[true,1,7,8],[true,1,7,8],[true,1,7,8],[true,1,7,8]]",1,1,1,
402,"5HV9+M6 Van Nuys, Los Angeles, CA, USA",Vallarta+Supermarkets,mexican,1,0,0,1,"[[true,1,7,8],[true,1,7,8],[true,1,7,8],[true,1,7,8],[true,1,7,8],[true,1,7,8],[true,1,7,8]]",1,1,1,
403,"5HQM+G4 Valley Glen, Los Angeles, CA, USA",Vallarta+Supermarkets,mexican,1,0,0,1,"[[true,1,7,8],[true,1,7,8],[true,1,7,8],[true,1,7,8],[true,1,7,8],[true,1,7,8],[true,1,7,8]]",1,1,1,
404,"6J2J+5G Burbank, California, USA",Vallarta+Supermarkets,mexican,1,0,0,1,"[[true,1,7,8],[true,1,7,8],[true,1,7,8],[true,1,7,8],[true,1,7,8],[true,1,7,8],[true,1,7,8]]",1,1,1,
405,"7H3Q+WM Pacoima, Los Angeles, CA, USA",Vallarta+Supermarkets,mexican,1,0,0,1,"[[true,1,7,8],[true,1,7,8],[true,1,7,8],[true,1,7,8],[true,1,7,8],[true,1,7,8],[true,1,7,8]]",1,1,1,
406,"5JJJ+3W North Hollywood, Los Angeles, CA, USA",Vallarta+Supermarkets,mexican,1,0,0,1,"[[true,1,7,8],[true,1,7,8],[true,1,7,8],[true,1,7,8],[true,1,7,8],[true,1,7,8],[true,1,7,8]]",1,1,1,
407,"76FG+8M Simi Valley, California, USA",Vallarta+Supermarkets,mexican,1,0,0,1,"[[true,1,7,8],[true,1,7,8],[true,1,7,8],[true,1,7,8],[true,1,7,8],[true,1,7,8],[true,1,7,8]]",1,1,1,
408,"5FV8+MM Reseda, Los Angeles, CA, USA",Valley+Marketplace+Reseda,grocery store,0,0,0,1,"[[true,0.5,7.5,8],[true,0.5,7.5,8],[true,0,5,7.5,8],[true,0.5,7.5,8],[true,0.5,7.5,8],[true,0.5,7.5,8],[true,0.5,8.5,9]]",0,1,1,
409,"76FC+GX Simi Valley, California, USA",Valley+Marketplace+Simi Valley,grocery store,0,0,0,1,"[[true,0.5,7.5,8],[true,0.5,7.5,8],[true,0,5,7.5,8],[true,0.5,7.5,8],[true,0.5,7.5,8],[true,0.5,7.5,8],[true,0.5,8.5,9]]",0,1,1,
410,"CCJV+4R Valencia, Santa Clarita, CA, USA",Valley+Marketplace+Valencia,grocery store,0,0,0,1,"[[true,0.5,7.5,8],[true,0.5,7.5,8],[true,0,5,7.5,8],[true,0.5,7.5,8],[true,0.5,7.5,8],[true,0.5,7.5,8],[true,0.5,8.5,9]]",0,1,0,
411,"3VJQ+6P Alhambra, California, USA",Valley+Supermarket,asian,-1,-1,-1,-1,,0,1,1,
412,"78FC+8Q Simi Valley, California, USA",Vons,chain,1,1,1,1,"[[true,1,6,7],[true,1,6,7],[true,1,6,7],[true,1,6,7],[true,1,6,7],[true,1,6,7],[true,1,6,7]]",1,1,1,
413,"77PM+XP Simi Valley, California, USA",Vons,chain,1,1,1,1,"[[true,1,6,7],[true,1,6,7],[true,1,6,7],[true,1,6,7],[true,1,6,7],[true,1,6,7],[true,1,6,7]]",1,1,1,
414,"76JP+5R Simi Valley, California, USA",Vons,chain,1,1,1,1,"[[true,1,6,7],[true,1,6,7],[true,1,6,7],[true,1,6,7],[true,1,6,7],[true,1,6,7],[true,1,6,7]]",1,1,1,
415,"6FP6+CV Northridge, Los Angeles, CA, USA",Vons,chain,1,1,1,1,"[[true,1,6,7],[true,1,6,7],[true,1,6,7],[true,1,6,7],[true,1,6,7],[true,1,6,7],[true,1,6,7]]",1,1,1,
416,"7C4C+MG Chatsworth, Los Angeles, CA, USA",Vons,chain,1,1,1,1,"[[true,1,6,7],[true,1,6,7],[true,1,6,7],[true,1,6,7],[true,1,6,7],[true,1,6,7],[true,1,6,7]]",1,1,1,
417,"5CQW+27 Reseda, Los Angeles, CA, USA",Vons,chain,1,1,1,1,"[[true,1,6,7],[true,1,6,7],[true,1,6,7],[true,1,6,7],[true,1,6,7],[true,1,6,7],[true,1,6,7]]",1,1,1,
418,"563R+F8 Old Agoura, Agoura Hills, CA, USA",Vons,chain,1,1,1,1,"[[true,1,6,7],[true,1,6,7],[true,1,6,7],[true,1,6,7],[true,1,6,7],[true,1,6,7],[true,1,6,7]]",1,1,1,
419,"9CRH+F3 Valencia, Santa Clarita, CA, USA",Vons,chain,1,1,1,1,"[[true,1,6,7],[true,1,6,7],[true,1,6,7],[true,1,6,7],[true,1,6,7],[true,1,6,7],[true,1,6,7]]",1,1,1,
420,"642M+H8 Thousand Oaks, California, USA",Vons,chain,1,1,1,1,"[[true,1,6,7],[true,1,6,7],[true,1,6,7],[true,1,6,7],[true,1,6,7],[true,1,6,7],[true,1,6,7]]",1,1,1,
421,"7G5J+4M Mission Hills, Los Angeles, CA, USA",Vons,chain,1,1,1,1,"[[true,1,6,7],[true,1,6,7],[true,1,6,7],[true,1,6,7],[true,1,6,7],[true,1,6,7],[true,1,6,7]]",1,1,1,
422,"7GC2+9F Granada Hills, Los Angeles, CA, USA",Vons,chain,1,1,1,1,"[[true,1,6,7],[true,1,6,7],[true,1,6,7],[true,1,6,7],[true,1,6,7],[true,1,6,7],[true,1,6,7]]",1,1,1,
423,"552F+PM Thousand Oaks, California, USA",Vons,chain,1,1,1,1,"[[true,1,6,7],[true,1,6,7],[true,1,6,7],[true,1,6,7],[true,1,6,7],[true,1,6,7],[true,1,6,7]]",1,1,0,
424,"5F98+J8 Tarzana, Los Angeles, CA, USA",Vons,chain,1,1,1,1,"[[true,1,6,7],[true,1,6,7],[true,1,6,7],[true,1,6,7],[true,1,6,7],[true,1,6,7],[true,1,6,7]]",1,1,1,
425,"7492+37 Moorpark, California, USA",Vons,chain,1,1,1,1,"[[true,1,6,7],[true,1,6,7],[true,1,6,7],[true,1,6,7],[true,1,6,7],[true,1,6,7],[true,1,6,7]]",1,1,1,
426,"6555+XJ Thousand Oaks, California, USA",Vons,chain,1,1,1,1,"[[true,1,6,7],[true,1,6,7],[true,1,6,7],[true,1,6,7],[true,1,6,7],[true,1,6,7],[true,1,6,7]]",1,1,1,
427,"9CGV+X4 Newhall, Santa Clarita, CA, USA",Vons,chain,1,1,1,1,"[[true,1,6,7],[true,1,6,7],[true,1,6,7],[true,1,6,7],[true,1,6,7],[true,1,6,7],[true,1,6,7]]",1,1,1,
428,"CFG7+QV Saugus, Santa Clarita, CA, USA",Vons,chain,1,1,1,1,"[[true,1,6,7],[true,1,6,7],[true,1,6,7],[true,1,6,7],[true,1,6,7],[true,1,6,7],[true,1,6,7]]",1,1,1,
429,"93WM+2F Fillmore, California, USA",Vons,chain,1,1,1,1,"[[true,1,6,7],[true,1,6,7],[true,1,6,7],[true,1,6,7],[true,1,6,7],[true,1,6,7],[true,1,6,7]]",1,1,1,
430,"8H58+CR Sylmar, Los Angeles, CA, USA",Vons,chain,1,1,1,1,"[[true,1,6,7],[true,1,6,7],[true,1,6,7],[true,1,6,7],[true,1,6,7],[true,1,6,7],[true,1,6,7]]",1,1,1,
431,"CHGF+8V Santa Clarita, California, USA",Vons,chain,1,1,1,1,"[[true,1,6,7],[true,1,6,7],[true,1,6,7],[true,1,6,7],[true,1,6,7],[true,1,6,7],[true,1,6,7]]",1,1,1,
432,"76J5+V4 Simi Valley, California, USA",Walmart,"department store, hypermarket",1,1,0,1,"[[false,,,],[true,1,7,8],[false,,,],[false,,,],[false,,,],[false,,,],[false,,,]]",0,1,1,
433,"59QF+5R West Hills, Los Angeles, CA, USA",Walmart,"department store, hypermarket",1,1,0,1,"[[false,,,],[true,1,7,8],[false,,,],[false,,,],[false,,,],[false,,,],[false,,,]]",0,1,1,
434,"7CHM+27 Porter Ranch, Los Angeles, CA, USA",Walmart+Supercenter,"department store, hypermarket",1,1,0,1,"[[false,,,],[true,1,7,8],[false,,,],[false,,,],[false,,,],[false,,,],[false,,,]]",0,1,1,
435,"9CMJ+C8 Stevenson Ranch, California, USA",Walmart,"department store, hypermarket",1,1,0,1,"[[false,,,],[true,1,7,8],[false,,,],[false,,,],[false,,,],[false,,,],[false,,,]]",0,1,1,
436,"6HF2+36 Panorama City, Los Angeles, CA, USA",Walmart,"department store, hypermarket",1,1,0,1,"[[false,,,],[true,1,7,8],[false,,,],[false,,,],[false,,,],[false,,,],[false,,,]]",0,1,1,
437,"CCVF+M4 Santa Clarita, California, USA",Walmart+Supercenter,"department store, hypermarket",1,1,0,1,"[[false,,,],[true,1,7,8],[false,,,],[false,,,],[false,,,],[false,,,],[false,,,]]",1,1,1,
438,"CF7V+HH Santa Clarita, California, USA",Walmart+Supercenter,"department store, hypermarket",1,1,0,1,"[[false,,,],[true,1,7,8],[false,,,],[false,,,],[false,,,],[false,,,],[false,,,]]",1,1,1,
439,"5MQF+7W Burbank, California, USA",Walmart+Supercenter,"department store, hypermarket",1,1,0,1,"[[false,,,],[true,1,7,8],[false,,,],[false,,,],[false,,,],[false,,,],[false,,,]]",1,1,1,
440,"7Q5P+7Q Ventura, California, USA",Walmart,"department store, hypermarket",1,1,0,1,"[[false,,,],[true,1,7,8],[false,,,],[false,,,],[false,,,],[false,,,],[false,,,]]",1,1,1,
441,"6R9Q+XC Oxnard, California, USA",Walmart+Supercenter,"department store, hypermarket",1,1,0,1,"[[false,,,],[true,1,7,8],[false,,,],[false,,,],[false,,,],[false,,,],[false,,,]]",1,1,1,
442,"5RFC+R5 Oxnard, California, USA",Walmart,"department store, hypermarket",1,1,0,1,"[[false,,,],[true,1,7,8],[false,,,],[false,,,],[false,,,],[false,,,],[false,,,]]",1,1,1,
443,"6RPC+RF Oxnard, California, USA",Walmart+Neighborhood+Market,"chain, grocery store, supermarket",1,1,1,1,"[[false,,,],[true,1,7,8],[false,,,],[false,,,],[false,,,],[false,,,],[false,,,]]",1,1,1,
444,"6W8G+W4 Camarillo, California, USA",Walmart+Neighborhood+Market,"chain, grocery store, supermarket",1,1,1,1,"[[false,,,],[true,1,7,8],[false,,,],[false,,,],[false,,,],[false,,,],[false,,,]]",1,1,1,
445,"53PR+F9 Thousand Oaks, California, USA",Walmart+Neighborhood+Market,"chain, grocery store, supermarket",1,1,1,1,"[[false,,,],[true,1,7,8],[false,,,],[false,,,],[false,,,],[false,,,],[false,,,]]",1,1,1,
446,"77GR+7W Simi Valley, California, USA",Walmart+Neighborhood+Market,"chain, grocery store, supermarket",1,1,1,1,"[[false,,,],[true,1,7,8],[false,,,],[false,,,],[false,,,],[false,,,],[false,,,]]",1,1,1,
447,"6HM2+QG Panorama City, Los Angeles, CA, USA",Walmart+Neighborhood+Market,"chain, grocery store, supermarket",1,1,1,1,"[[false,,,],[true,1,7,8],[false,,,],[false,,,],[false,,,],[false,,,],[false,,,]]",1,1,1,
448,"JQ7X+MX Palmdale, California, USA",Walmart+Neighborhood+Market,"chain, grocery store, supermarket",1,1,1,1,"[[false,,,],[true,1,7,8],[false,,,],[false,,,],[false,,,],[false,,,],[false,,,]]",1,1,1,
449,"5C93+76 Woodland Hills, Los Angeles, CA, USA",Whole+Foods+Market,"natural, specialty, organic",1,1,1,1,"[[true,1,7,8],[true,1,7,8],[true,1,7,8],[true,1,7,8],[true,1,7,8],[true,1,7,8],[true,1,7,8]]",0,1,1,
450,"5FC5+4H Tarzana, Los Angeles, CA, USA",Whole+Foods+Market,"natural, specialty, organic",1,1,1,1,"[[true,1,7,8],[true,1,7,8],[true,1,7,8],[true,1,7,8],[true,1,7,8],[true,1,7,8],[true,1,7,8]]",0,1,1,
451,"CC7V+2J Santa Clarita, California, USA",Whole+Foods+Market,"natural, specialty, organic",1,1,1,1,"[[true,1,7,8],[true,1,7,8],[true,1,7,8],[true,1,7,8],[true,1,7,8],[true,1,7,8],[true,1,7,8]]",0,1,1,
452,"54QG+3M Thousand Oaks, California, USA",Whole+Foods+Market,"natural, specialty, organic",1,1,1,1,"[[true,1,7,8],[true,1,7,8],[true,1,7,8],[true,1,7,8],[true,1,7,8],[true,1,7,8],[true,1,7,8]]",0,1,1,
453,"5G2M+Q9 Sherman Oaks, Los Angeles, CA, USA",Whole+Foods+Market,"natural, specialty, organic",1,1,1,1,"[[true,1,7,8],[true,1,7,8],[true,1,7,8],[true,1,7,8],[true,1,7,8],[true,1,7,8],[true,1,7,8]]",0,1,1,
454,"5H5P+58 Sherman Oaks, Los Angeles, CA, USA",Whole+Foods+Market,"natural, specialty, organic",1,1,1,1,"[[true,1,7,8],[true,1,7,8],[true,1,7,8],[true,1,7,8],[true,1,7,8],[true,1,7,8],[true,1,7,8]]",0,1,1,
455,"28Q7+6G Malibu, California, USA",Whole+Foods+Market,"natural, specialty, organic",1,1,1,1,"[[true,1,7,8],[true,1,7,8],[true,1,7,8],[true,1,7,8],[true,1,7,8],[true,1,7,8],[true,1,7,8]]",0,1,1,
456,"3H63+F6 Los Angeles, California, USA",Whole+Foods+Market,"natural, specialty, organic",1,1,1,1,"[[true,1,7,8],[true,1,7,8],[true,1,7,8],[true,1,7,8],[true,1,7,8],[true,1,7,8],[true,1,7,8]]",0,1,1,
457,"2GM9+8C Santa Monica, California, USA",Whole+Foods+Market,"natural, specialty, organic",1,1,1,1,"[[true,1,7,8],[true,1,7,8],[true,1,7,8],[true,1,7,8],[true,1,7,8],[true,1,7,8],[true,1,7,8]]",0,1,1,
458,"3G3M+C3 Los Angeles, California, USA",Whole+Foods+Market,"natural, specialty, organic",1,1,1,1,"[[true,1,7,8],[true,1,7,8],[true,1,7,8],[true,1,7,8],[true,1,7,8],[true,1,7,8],[true,1,7,8]]",0,1,1,
459,"2GM4+53 Santa Monica, California, USA",Whole+Foods+Market,"natural, specialty, organic",1,1,1,1,"[[true,1,7,8],[true,1,7,8],[true,1,7,8],[true,1,7,8],[true,1,7,8],[true,1,7,8],[true,1,7,8]]",0,1,0,
460,"2HF6+3Q Los Angeles, California, USA",Whole+Foods+Market,"natural, specialty, organic",1,1,1,1,"[[true,1,7,8],[true,1,7,8],[true,1,7,8],[true,1,7,8],[true,1,7,8],[true,1,7,8],[true,1,7,8]]",0,1,1,
461,"5M37+Q4 Burbank, California, USA",Whole+Foods+Market,"natural, specialty, organic",1,1,1,1,"[[true,1,7,8],[true,1,7,8],[true,1,7,8],[true,1,7,8],[true,1,7,8],[true,1,7,8],[true,1,7,8]]",0,1,1,
462,"3J92+PP Beverly Hills, California, USA",Whole+Foods+Market,"natural, specialty, organic",1,1,1,1,"[[true,1,7,8],[true,1,7,8],[true,1,7,8],[true,1,7,8],[true,1,7,8],[true,1,7,8],[true,1,7,8]]",0,1,1,
463,"3JRQ+JM West Hollywood, California, USA",Whole+Foods+Market,"natural, specialty, organic",1,1,1,1,"[[true,1,7,8],[true,1,7,8],[true,1,7,8],[true,1,7,8],[true,1,7,8],[true,1,7,8],[true,1,7,8]]",0,1,1,
464,"2G2J+F2 Venice, Los Angeles, CA, USA",Whole+Foods+Market,"natural, specialty, organic",1,1,1,1,"[[true,1,7,8],[true,1,7,8],[true,1,7,8],[true,1,7,8],[true,1,7,8],[true,1,7,8],[true,1,7,8]]",0,1,1,
465,"3JCQ+4P Los Angeles, California, USA",Whole+Foods+Market,"natural, specialty, organic",1,1,1,1,"[[true,1,7,8],[true,1,7,8],[true,1,7,8],[true,1,7,8],[true,1,7,8],[true,1,7,8],[true,1,7,8]]",0,1,1,
466,"2GCM+VQ Santa Monica, California, USA",Whole+Foods+Market,"natural, specialty, organic",1,1,1,1,"[[true,1,7,8],[true,1,7,8],[true,1,7,8],[true,1,7,8],[true,1,7,8],[true,1,7,8],[true,1,7,8]]",0,1,1,
467,"XHGJ+VX Playa Vista, Los Angeles, CA, USA",Whole+Foods+Market,"natural, specialty, organic",1,1,1,1,"[[true,1,7,8],[true,1,7,8],[true,1,7,8],[true,1,7,8],[true,1,7,8],[true,1,7,8],[true,1,7,8]]",0,1,1,
468,"5Q23+CJ Glendale, California, USA",Whole+Foods+Market,"natural, specialty, organic",1,1,1,1,"[[true,1,7,8],[true,1,7,8],[true,1,7,8],[true,1,7,8],[true,1,7,8],[true,1,7,8],[true,1,7,8]]",0,1,1,
469,"4M39+QR Los Angeles, California, USA",Yucca+Supermarket,supermarket,-1,-1,-1,-1,,0,1,0,